-- phpMyAdmin SQL Dump
-- version 4.9.7
-- https://www.phpmyadmin.net/
--
-- Host: localhost:3306
-- Generation Time: Nov 27, 2022 at 05:58 AM
-- Server version: 10.3.37-MariaDB
-- PHP Version: 7.4.30

SET SQL_MODE = "NO_AUTO_VALUE_ON_ZERO";
SET AUTOCOMMIT = 0;
START TRANSACTION;
SET time_zone = "+00:00";


/*!40101 SET @OLD_CHARACTER_SET_CLIENT=@@CHARACTER_SET_CLIENT */;
/*!40101 SET @OLD_CHARACTER_SET_RESULTS=@@CHARACTER_SET_RESULTS */;
/*!40101 SET @OLD_COLLATION_CONNECTION=@@COLLATION_CONNECTION */;
/*!40101 SET NAMES utf8mb4 */;

--
-- Database: `posact_poxxycountant`
--
CREATE DATABASE IF NOT EXISTS `posact_poxxycountant` DEFAULT CHARACTER SET latin1 COLLATE latin1_swedish_ci;
USE `posact_poxxycountant`;

-- --------------------------------------------------------

--
-- Table structure for table `admin`
--

CREATE TABLE `admin` (
  `id` int(11) NOT NULL,
  `admin_id` varchar(20) NOT NULL,
  `username` varchar(20) NOT NULL,
  `login_email` varchar(50) NOT NULL,
  `login_password` varchar(500) NOT NULL,
  `login_token` varchar(500) NOT NULL,
  `role` varchar(10) DEFAULT NULL,
  `account_status` int(11) NOT NULL
) ENGINE=MyISAM DEFAULT CHARSET=latin1 COLLATE=latin1_swedish_ci;

--
-- Dumping data for table `admin`
--

INSERT INTO `admin` (`id`, `admin_id`, `username`, `login_email`, `login_password`, `login_token`, `role`, `account_status`) VALUES
(14, '81babb', 'POSA', 'no-reply@posaccountant.com', '661a4e827d40a7eba8e9d683660b5b3b', 'b95f7ab4c330e3f3b3a5155ad01c49cc', '1', 1);

-- --------------------------------------------------------

--
-- Table structure for table `advert`
--

CREATE TABLE `advert` (
  `id` int(100) NOT NULL,
  `adv_id` varchar(100) DEFAULT NULL,
  `img` varchar(100) DEFAULT NULL,
  `link` varchar(100) DEFAULT NULL,
  `type` varchar(100) DEFAULT NULL,
  `views` int(100) DEFAULT NULL,
  `click` int(100) DEFAULT NULL,
  `publish` varchar(100) DEFAULT NULL
) ENGINE=InnoDB DEFAULT CHARSET=latin1 COLLATE=latin1_swedish_ci;

-- --------------------------------------------------------

--
-- Table structure for table `banks`
--

CREATE TABLE `banks` (
  `id` int(11) NOT NULL,
  `name` varchar(200) DEFAULT NULL,
  `logo` text DEFAULT NULL
) ENGINE=MyISAM DEFAULT CHARSET=latin1 COLLATE=latin1_swedish_ci;

--
-- Dumping data for table `banks`
--

INSERT INTO `banks` (`id`, `name`, `logo`) VALUES
(1, 'Access Bank Plc', 'data:image/png;base64,iVBORw0KGgoAAAANSUhEUgAAAJcAAACRCAMAAAD5GNpWAAAAw1BMVEX///8eN23///35+fv8//8XM2seOGzubwAfNm7tbADqbwDpbAAAJGMAKWQAKGYAJGUAGl5MW4NHU34AIWQAAFns7vENLWg1SXo2Snj07+LqZgD5+/bi5OnX2uHyyKnsgTN/h6UuQXTvtZS8ws3pcw4AElyCjKTtroOiqrvvzq704M/1v6Hreyn3z7T56djzto7qh0XtWwDsklrrjk9ZZY51gJezuMdseJtrdZGOmKwACFlfbIybobfKzdrtpnnuoGz42cRwokkYAAAGdUlEQVR4nO2Xi3KCOBSGkxAiWggKBS+AluKFVdu6VVEqaN//qfYE8FK1O7Mzu9POTr5OHQMh+fnPyUlESCKRSCQSiUQikUgkEolEIpFIJBKJRCKRSCQSiURyDUF/TOlPi7gDQbN59zcKoy/1wetPi7iFEPJWX/xCx2iXzmrgGPlpIVfQ2Qw91we/zjE6+7OPnmu/LsfI67zRp8KxXxPJUgjtDnp99NYYdO/2IefP8zXy5VLV5+vA5Lp9Neb3LpTDw990MJwVjtE7ncntNSIeurhxdwpyLeRSZTnCd7o8jyDP8xDqznsz+lZb3MsxxQkC37m65ge+r1y2fd+hl7cD/7K/438ZQjQV9B3d90Gf9hfLrrf3XoVjs97NqvSfVlYnDNuddV7ZQpCSbIpr1i52xIs7ycpqQ5fWNhKTkWBthSzsrJJqapJsy/vjSAGblHhliadXaXBPFX1d9J5pH2q99/6w9MCxfuHYV2FpUy1xP8bVNEl75FbXbBiZxjr0waJtuGCSsx4ZooHV0a6wyN+NXFx2Z/BWQXgccrS9VUVQd1F7pi+NOciqLRrv4FhjhmZiVV4EXrFMruKQuSpj9rhIxsx2GQMJrsv5DrqsdbinctE2noonoIU7oatq5ka42zE0eB5rrtFMEchyxX2GXcOI7rpVL93qLut7b9JbCMdeoI592ZJyK00gFZyo5WL8CFFDMccYm1YWRUlqxYikTYY1u1W2E6SsDE3FEF8ahRp7hODHNvTPAsfPs06AyFpnahj7jh+lLedWV3cAbvWFW8uHiYfIvl46RoVj56WiHB9VXMz0GF5XVzHmaRlSRUER18C8KpMge1Ibqywv1lvSZHyN0BaC2CpzE+4roYp5Vo7pXK9IUrn1sAC3Gntx25s0lt7r8AEKrFiVt2t4y5kLgdy47DSuoC0ClJyaDpjjHqflIIgUutqnSqEwFbt38qqK4qFQ0YBq+rAoq6k3qL+h/lCkW/1w0VXxozhLs2SlCl0B07BqnWXnOiTK+tw7thnGvlLgq5pqOSiDwLut6FjkdgbGxu7uSgQgqSb0ZTifeof6wROyDg/vFPx6ofvG8pxhTtYym7Zp203ILyNFiUiW+KiLiEnZ6Ji+UKZ3EGXcqsDgl4IcDI+6zU0lJYdVgzkfO/fqqofAlYn3OZx/eoceCCvkfc6HL2hSX0DzaEfbdLHBVYbFfGaCUh2SPD8NSdYw5+icvo4F3VRe4EIxcXfQ1V9xVdNcnhXFDeUhGKhxLbkWVb5pd9GbiDIxLYSJ/+nw4ZPu60uIa+VXAHJUe53keR4JYwK0hjGhaB39UrZC17ly+x14hbDd7gDw2Q7HoquSYVNjeDSuxI+b5WK5u8NBKB/23ktjOKWH2qBRukUn9aV3NvhJx4zlxR7qNAsBY7jSjE66KOgSci91NXOknKBFeJHyBMsFnzr6Ww5pipX7O2R3WTlGDr13Oh32hFvvUCRO2dUBu7bl9p6DLl7mtbs6v9xYLM9xeQAo4qgyO0EX+zkRoKJoYCNGx3PIk6vhj/vJTyjsP+DYcDj1nsGt+bVbiEIRcDfl99gsqlAg3tuMT32gfGHMznUb/HOt6/NPofgDF7oquQnE/ztdhJaO1YZTNJ1XbhFyUe0tUBHmxdcxx6JIKmLBaXzsQy8n8osyCUZm4vDgJA7KH8G/TXmU8GN4NCo3Z+cJAm5HKImLRRK0oOzZd8p9ZYhwjHwOhzPILVK49QVhvspb66cdZAPTRb30TSHM4GGbcQYDRxAQcIKHHWZDsUJbE4oCt7brVWjAvoU2TYO1Wh0VZLkWQqGtt1urttgujfF3ssrkF3WsBjvjXlTYS7cgXXdNFRKUG+C6ajwW4YpcsUHCVY1vRJ/4A24yUUiKiZxVEzMoCrDbi13dCVVoweECqzoOUPCIWXHWYOpo9f0BrHKMfs4/yaSx8G5LXWYZps5103CtbVDe9TehbpumyUudKNhg29RN22iW+ZJ1dNswuG4wqFDBKlThu67zjjgmJa0QuopmK/7+uAqyIPlFHetCyl+5VVnmRHE6TuMkd9BxJyGwM6VZluTVMZEEUZqmcZRXMzlRNoZHIr9o+3mSQSsvTpBICcrxqub3VKtyf5Nb/z7/7NeWcKy2rC26//C5/xwKe2Vv6d37JfSzwKo8dP8+2j8CufiUSCQSiUQikUgkEolEIpFIJBKJRCKRSCQSiUQi+Z/zF8ADo0PT0IKkAAAAAElFTkSuQmCC'),
(2, 'Fidelity Bank Plc', 'data:image/png;base64,iVBORw0KGgoAAAANSUhEUgAAAJcAAACRCAMAAAD5GNpWAAAAw1BMVEX///8eN23///35+fv8//8XM2seOGzubwAfNm7tbADqbwDpbAAAJGMAKWQAKGYAJGUAGl5MW4NHU34AIWQAAFns7vENLWg1SXo2Snj07+LqZgD5+/bi5OnX2uHyyKnsgTN/h6UuQXTvtZS8ws3pcw4AElyCjKTtroOiqrvvzq704M/1v6Hreyn3z7T56djzto7qh0XtWwDsklrrjk9ZZY51gJezuMdseJtrdZGOmKwACFlfbIybobfKzdrtpnnuoGz42cRwokkYAAAGdUlEQVR4nO2Xi3KCOBSGkxAiWggKBS+AluKFVdu6VVEqaN//qfYE8FK1O7Mzu9POTr5OHQMh+fnPyUlESCKRSCQSiUQikUgkEolEIpFIJBKJRCKRSCQSiURyDUF/TOlPi7gDQbN59zcKoy/1wetPi7iFEPJWX/xCx2iXzmrgGPlpIVfQ2Qw91we/zjE6+7OPnmu/LsfI67zRp8KxXxPJUgjtDnp99NYYdO/2IefP8zXy5VLV5+vA5Lp9Neb3LpTDw990MJwVjtE7ncntNSIeurhxdwpyLeRSZTnCd7o8jyDP8xDqznsz+lZb3MsxxQkC37m65ge+r1y2fd+hl7cD/7K/438ZQjQV9B3d90Gf9hfLrrf3XoVjs97NqvSfVlYnDNuddV7ZQpCSbIpr1i52xIs7ycpqQ5fWNhKTkWBthSzsrJJqapJsy/vjSAGblHhliadXaXBPFX1d9J5pH2q99/6w9MCxfuHYV2FpUy1xP8bVNEl75FbXbBiZxjr0waJtuGCSsx4ZooHV0a6wyN+NXFx2Z/BWQXgccrS9VUVQd1F7pi+NOciqLRrv4FhjhmZiVV4EXrFMruKQuSpj9rhIxsx2GQMJrsv5DrqsdbinctE2noonoIU7oatq5ka42zE0eB5rrtFMEchyxX2GXcOI7rpVL93qLut7b9JbCMdeoI592ZJyK00gFZyo5WL8CFFDMccYm1YWRUlqxYikTYY1u1W2E6SsDE3FEF8ahRp7hODHNvTPAsfPs06AyFpnahj7jh+lLedWV3cAbvWFW8uHiYfIvl46RoVj56WiHB9VXMz0GF5XVzHmaRlSRUER18C8KpMge1Ibqywv1lvSZHyN0BaC2CpzE+4roYp5Vo7pXK9IUrn1sAC3Gntx25s0lt7r8AEKrFiVt2t4y5kLgdy47DSuoC0ClJyaDpjjHqflIIgUutqnSqEwFbt38qqK4qFQ0YBq+rAoq6k3qL+h/lCkW/1w0VXxozhLs2SlCl0B07BqnWXnOiTK+tw7thnGvlLgq5pqOSiDwLut6FjkdgbGxu7uSgQgqSb0ZTifeof6wROyDg/vFPx6ofvG8pxhTtYym7Zp203ILyNFiUiW+KiLiEnZ6Ji+UKZ3EGXcqsDgl4IcDI+6zU0lJYdVgzkfO/fqqofAlYn3OZx/eoceCCvkfc6HL2hSX0DzaEfbdLHBVYbFfGaCUh2SPD8NSdYw5+icvo4F3VRe4EIxcXfQ1V9xVdNcnhXFDeUhGKhxLbkWVb5pd9GbiDIxLYSJ/+nw4ZPu60uIa+VXAHJUe53keR4JYwK0hjGhaB39UrZC17ly+x14hbDd7gDw2Q7HoquSYVNjeDSuxI+b5WK5u8NBKB/23ktjOKWH2qBRukUn9aV3NvhJx4zlxR7qNAsBY7jSjE66KOgSci91NXOknKBFeJHyBMsFnzr6Ww5pipX7O2R3WTlGDr13Oh32hFvvUCRO2dUBu7bl9p6DLl7mtbs6v9xYLM9xeQAo4qgyO0EX+zkRoKJoYCNGx3PIk6vhj/vJTyjsP+DYcDj1nsGt+bVbiEIRcDfl99gsqlAg3tuMT32gfGHMznUb/HOt6/NPofgDF7oquQnE/ztdhJaO1YZTNJ1XbhFyUe0tUBHmxdcxx6JIKmLBaXzsQy8n8osyCUZm4vDgJA7KH8G/TXmU8GN4NCo3Z+cJAm5HKImLRRK0oOzZd8p9ZYhwjHwOhzPILVK49QVhvspb66cdZAPTRb30TSHM4GGbcQYDRxAQcIKHHWZDsUJbE4oCt7brVWjAvoU2TYO1Wh0VZLkWQqGtt1urttgujfF3ssrkF3WsBjvjXlTYS7cgXXdNFRKUG+C6ajwW4YpcsUHCVY1vRJ/4A24yUUiKiZxVEzMoCrDbi13dCVVoweECqzoOUPCIWXHWYOpo9f0BrHKMfs4/yaSx8G5LXWYZps5103CtbVDe9TehbpumyUudKNhg29RN22iW+ZJ1dNswuG4wqFDBKlThu67zjjgmJa0QuopmK/7+uAqyIPlFHetCyl+5VVnmRHE6TuMkd9BxJyGwM6VZluTVMZEEUZqmcZRXMzlRNoZHIr9o+3mSQSsvTpBICcrxqub3VKtyf5Nb/z7/7NeWcKy2rC26//C5/xwKe2Vv6d37JfSzwKo8dP8+2j8CufiUSCQSiUQikUgkEolEIpFIJBKJRCKRSCQSiUQi+Z/zF8ADo0PT0IKkAAAAAElFTkSuQmCC\r\n'),
(3, 'First City Monument Bank Limited', 'data:image/png;base64,iVBORw0KGgoAAAANSUhEUgAAAJcAAACRCAMAAAD5GNpWAAAAw1BMVEX///8eN23///35+fv8//8XM2seOGzubwAfNm7tbADqbwDpbAAAJGMAKWQAKGYAJGUAGl5MW4NHU34AIWQAAFns7vENLWg1SXo2Snj07+LqZgD5+/bi5OnX2uHyyKnsgTN/h6UuQXTvtZS8ws3pcw4AElyCjKTtroOiqrvvzq704M/1v6Hreyn3z7T56djzto7qh0XtWwDsklrrjk9ZZY51gJezuMdseJtrdZGOmKwACFlfbIybobfKzdrtpnnuoGz42cRwokkYAAAGdUlEQVR4nO2Xi3KCOBSGkxAiWggKBS+AluKFVdu6VVEqaN//qfYE8FK1O7Mzu9POTr5OHQMh+fnPyUlESCKRSCQSiUQikUgkEolEIpFIJBKJRCKRSCQSiURyDUF/TOlPi7gDQbN59zcKoy/1wetPi7iFEPJWX/xCx2iXzmrgGPlpIVfQ2Qw91we/zjE6+7OPnmu/LsfI67zRp8KxXxPJUgjtDnp99NYYdO/2IefP8zXy5VLV5+vA5Lp9Neb3LpTDw990MJwVjtE7ncntNSIeurhxdwpyLeRSZTnCd7o8jyDP8xDqznsz+lZb3MsxxQkC37m65ge+r1y2fd+hl7cD/7K/438ZQjQV9B3d90Gf9hfLrrf3XoVjs97NqvSfVlYnDNuddV7ZQpCSbIpr1i52xIs7ycpqQ5fWNhKTkWBthSzsrJJqapJsy/vjSAGblHhliadXaXBPFX1d9J5pH2q99/6w9MCxfuHYV2FpUy1xP8bVNEl75FbXbBiZxjr0waJtuGCSsx4ZooHV0a6wyN+NXFx2Z/BWQXgccrS9VUVQd1F7pi+NOciqLRrv4FhjhmZiVV4EXrFMruKQuSpj9rhIxsx2GQMJrsv5DrqsdbinctE2noonoIU7oatq5ka42zE0eB5rrtFMEchyxX2GXcOI7rpVL93qLut7b9JbCMdeoI592ZJyK00gFZyo5WL8CFFDMccYm1YWRUlqxYikTYY1u1W2E6SsDE3FEF8ahRp7hODHNvTPAsfPs06AyFpnahj7jh+lLedWV3cAbvWFW8uHiYfIvl46RoVj56WiHB9VXMz0GF5XVzHmaRlSRUER18C8KpMge1Ibqywv1lvSZHyN0BaC2CpzE+4roYp5Vo7pXK9IUrn1sAC3Gntx25s0lt7r8AEKrFiVt2t4y5kLgdy47DSuoC0ClJyaDpjjHqflIIgUutqnSqEwFbt38qqK4qFQ0YBq+rAoq6k3qL+h/lCkW/1w0VXxozhLs2SlCl0B07BqnWXnOiTK+tw7thnGvlLgq5pqOSiDwLut6FjkdgbGxu7uSgQgqSb0ZTifeof6wROyDg/vFPx6ofvG8pxhTtYym7Zp203ILyNFiUiW+KiLiEnZ6Ji+UKZ3EGXcqsDgl4IcDI+6zU0lJYdVgzkfO/fqqofAlYn3OZx/eoceCCvkfc6HL2hSX0DzaEfbdLHBVYbFfGaCUh2SPD8NSdYw5+icvo4F3VRe4EIxcXfQ1V9xVdNcnhXFDeUhGKhxLbkWVb5pd9GbiDIxLYSJ/+nw4ZPu60uIa+VXAHJUe53keR4JYwK0hjGhaB39UrZC17ly+x14hbDd7gDw2Q7HoquSYVNjeDSuxI+b5WK5u8NBKB/23ktjOKWH2qBRukUn9aV3NvhJx4zlxR7qNAsBY7jSjE66KOgSci91NXOknKBFeJHyBMsFnzr6Ww5pipX7O2R3WTlGDr13Oh32hFvvUCRO2dUBu7bl9p6DLl7mtbs6v9xYLM9xeQAo4qgyO0EX+zkRoKJoYCNGx3PIk6vhj/vJTyjsP+DYcDj1nsGt+bVbiEIRcDfl99gsqlAg3tuMT32gfGHMznUb/HOt6/NPofgDF7oquQnE/ztdhJaO1YZTNJ1XbhFyUe0tUBHmxdcxx6JIKmLBaXzsQy8n8osyCUZm4vDgJA7KH8G/TXmU8GN4NCo3Z+cJAm5HKImLRRK0oOzZd8p9ZYhwjHwOhzPILVK49QVhvspb66cdZAPTRb30TSHM4GGbcQYDRxAQcIKHHWZDsUJbE4oCt7brVWjAvoU2TYO1Wh0VZLkWQqGtt1urttgujfF3ssrkF3WsBjvjXlTYS7cgXXdNFRKUG+C6ajwW4YpcsUHCVY1vRJ/4A24yUUiKiZxVEzMoCrDbi13dCVVoweECqzoOUPCIWXHWYOpo9f0BrHKMfs4/yaSx8G5LXWYZps5103CtbVDe9TehbpumyUudKNhg29RN22iW+ZJ1dNswuG4wqFDBKlThu67zjjgmJa0QuopmK/7+uAqyIPlFHetCyl+5VVnmRHE6TuMkd9BxJyGwM6VZluTVMZEEUZqmcZRXMzlRNoZHIr9o+3mSQSsvTpBICcrxqub3VKtyf5Nb/z7/7NeWcKy2rC26//C5/xwKe2Vv6d37JfSzwKo8dP8+2j8CufiUSCQSiUQikUgkEolEIpFIJBKJRCKRSCQSiUQi+Z/zF8ADo0PT0IKkAAAAAElFTkSuQmCC\r\n'),
(4, 'First Bank of Nigeria Limited', 'data:image/png;base64,iVBORw0KGgoAAAANSUhEUgAAAJcAAACRCAMAAAD5GNpWAAAAw1BMVEX///8eN23///35+fv8//8XM2seOGzubwAfNm7tbADqbwDpbAAAJGMAKWQAKGYAJGUAGl5MW4NHU34AIWQAAFns7vENLWg1SXo2Snj07+LqZgD5+/bi5OnX2uHyyKnsgTN/h6UuQXTvtZS8ws3pcw4AElyCjKTtroOiqrvvzq704M/1v6Hreyn3z7T56djzto7qh0XtWwDsklrrjk9ZZY51gJezuMdseJtrdZGOmKwACFlfbIybobfKzdrtpnnuoGz42cRwokkYAAAGdUlEQVR4nO2Xi3KCOBSGkxAiWggKBS+AluKFVdu6VVEqaN//qfYE8FK1O7Mzu9POTr5OHQMh+fnPyUlESCKRSCQSiUQikUgkEolEIpFIJBKJRCKRSCQSiURyDUF/TOlPi7gDQbN59zcKoy/1wetPi7iFEPJWX/xCx2iXzmrgGPlpIVfQ2Qw91we/zjE6+7OPnmu/LsfI67zRp8KxXxPJUgjtDnp99NYYdO/2IefP8zXy5VLV5+vA5Lp9Neb3LpTDw990MJwVjtE7ncntNSIeurhxdwpyLeRSZTnCd7o8jyDP8xDqznsz+lZb3MsxxQkC37m65ge+r1y2fd+hl7cD/7K/438ZQjQV9B3d90Gf9hfLrrf3XoVjs97NqvSfVlYnDNuddV7ZQpCSbIpr1i52xIs7ycpqQ5fWNhKTkWBthSzsrJJqapJsy/vjSAGblHhliadXaXBPFX1d9J5pH2q99/6w9MCxfuHYV2FpUy1xP8bVNEl75FbXbBiZxjr0waJtuGCSsx4ZooHV0a6wyN+NXFx2Z/BWQXgccrS9VUVQd1F7pi+NOciqLRrv4FhjhmZiVV4EXrFMruKQuSpj9rhIxsx2GQMJrsv5DrqsdbinctE2noonoIU7oatq5ka42zE0eB5rrtFMEchyxX2GXcOI7rpVL93qLut7b9JbCMdeoI592ZJyK00gFZyo5WL8CFFDMccYm1YWRUlqxYikTYY1u1W2E6SsDE3FEF8ahRp7hODHNvTPAsfPs06AyFpnahj7jh+lLedWV3cAbvWFW8uHiYfIvl46RoVj56WiHB9VXMz0GF5XVzHmaRlSRUER18C8KpMge1Ibqywv1lvSZHyN0BaC2CpzE+4roYp5Vo7pXK9IUrn1sAC3Gntx25s0lt7r8AEKrFiVt2t4y5kLgdy47DSuoC0ClJyaDpjjHqflIIgUutqnSqEwFbt38qqK4qFQ0YBq+rAoq6k3qL+h/lCkW/1w0VXxozhLs2SlCl0B07BqnWXnOiTK+tw7thnGvlLgq5pqOSiDwLut6FjkdgbGxu7uSgQgqSb0ZTifeof6wROyDg/vFPx6ofvG8pxhTtYym7Zp203ILyNFiUiW+KiLiEnZ6Ji+UKZ3EGXcqsDgl4IcDI+6zU0lJYdVgzkfO/fqqofAlYn3OZx/eoceCCvkfc6HL2hSX0DzaEfbdLHBVYbFfGaCUh2SPD8NSdYw5+icvo4F3VRe4EIxcXfQ1V9xVdNcnhXFDeUhGKhxLbkWVb5pd9GbiDIxLYSJ/+nw4ZPu60uIa+VXAHJUe53keR4JYwK0hjGhaB39UrZC17ly+x14hbDd7gDw2Q7HoquSYVNjeDSuxI+b5WK5u8NBKB/23ktjOKWH2qBRukUn9aV3NvhJx4zlxR7qNAsBY7jSjE66KOgSci91NXOknKBFeJHyBMsFnzr6Ww5pipX7O2R3WTlGDr13Oh32hFvvUCRO2dUBu7bl9p6DLl7mtbs6v9xYLM9xeQAo4qgyO0EX+zkRoKJoYCNGx3PIk6vhj/vJTyjsP+DYcDj1nsGt+bVbiEIRcDfl99gsqlAg3tuMT32gfGHMznUb/HOt6/NPofgDF7oquQnE/ztdhJaO1YZTNJ1XbhFyUe0tUBHmxdcxx6JIKmLBaXzsQy8n8osyCUZm4vDgJA7KH8G/TXmU8GN4NCo3Z+cJAm5HKImLRRK0oOzZd8p9ZYhwjHwOhzPILVK49QVhvspb66cdZAPTRb30TSHM4GGbcQYDRxAQcIKHHWZDsUJbE4oCt7brVWjAvoU2TYO1Wh0VZLkWQqGtt1urttgujfF3ssrkF3WsBjvjXlTYS7cgXXdNFRKUG+C6ajwW4YpcsUHCVY1vRJ/4A24yUUiKiZxVEzMoCrDbi13dCVVoweECqzoOUPCIWXHWYOpo9f0BrHKMfs4/yaSx8G5LXWYZps5103CtbVDe9TehbpumyUudKNhg29RN22iW+ZJ1dNswuG4wqFDBKlThu67zjjgmJa0QuopmK/7+uAqyIPlFHetCyl+5VVnmRHE6TuMkd9BxJyGwM6VZluTVMZEEUZqmcZRXMzlRNoZHIr9o+3mSQSsvTpBICcrxqub3VKtyf5Nb/z7/7NeWcKy2rC26//C5/xwKe2Vv6d37JfSzwKo8dP8+2j8CufiUSCQSiUQikUgkEolEIpFIJBKJRCKRSCQSiUQi+Z/zF8ADo0PT0IKkAAAAAElFTkSuQmCC\r\n'),
(5, 'Guaranty Trust Bank Plc', 'data:image/png;base64,iVBORw0KGgoAAAANSUhEUgAAAJcAAACRCAMAAAD5GNpWAAAAw1BMVEX///8eN23///35+fv8//8XM2seOGzubwAfNm7tbADqbwDpbAAAJGMAKWQAKGYAJGUAGl5MW4NHU34AIWQAAFns7vENLWg1SXo2Snj07+LqZgD5+/bi5OnX2uHyyKnsgTN/h6UuQXTvtZS8ws3pcw4AElyCjKTtroOiqrvvzq704M/1v6Hreyn3z7T56djzto7qh0XtWwDsklrrjk9ZZY51gJezuMdseJtrdZGOmKwACFlfbIybobfKzdrtpnnuoGz42cRwokkYAAAGdUlEQVR4nO2Xi3KCOBSGkxAiWggKBS+AluKFVdu6VVEqaN//qfYE8FK1O7Mzu9POTr5OHQMh+fnPyUlESCKRSCQSiUQikUgkEolEIpFIJBKJRCKRSCQSiURyDUF/TOlPi7gDQbN59zcKoy/1wetPi7iFEPJWX/xCx2iXzmrgGPlpIVfQ2Qw91we/zjE6+7OPnmu/LsfI67zRp8KxXxPJUgjtDnp99NYYdO/2IefP8zXy5VLV5+vA5Lp9Neb3LpTDw990MJwVjtE7ncntNSIeurhxdwpyLeRSZTnCd7o8jyDP8xDqznsz+lZb3MsxxQkC37m65ge+r1y2fd+hl7cD/7K/438ZQjQV9B3d90Gf9hfLrrf3XoVjs97NqvSfVlYnDNuddV7ZQpCSbIpr1i52xIs7ycpqQ5fWNhKTkWBthSzsrJJqapJsy/vjSAGblHhliadXaXBPFX1d9J5pH2q99/6w9MCxfuHYV2FpUy1xP8bVNEl75FbXbBiZxjr0waJtuGCSsx4ZooHV0a6wyN+NXFx2Z/BWQXgccrS9VUVQd1F7pi+NOciqLRrv4FhjhmZiVV4EXrFMruKQuSpj9rhIxsx2GQMJrsv5DrqsdbinctE2noonoIU7oatq5ka42zE0eB5rrtFMEchyxX2GXcOI7rpVL93qLut7b9JbCMdeoI592ZJyK00gFZyo5WL8CFFDMccYm1YWRUlqxYikTYY1u1W2E6SsDE3FEF8ahRp7hODHNvTPAsfPs06AyFpnahj7jh+lLedWV3cAbvWFW8uHiYfIvl46RoVj56WiHB9VXMz0GF5XVzHmaRlSRUER18C8KpMge1Ibqywv1lvSZHyN0BaC2CpzE+4roYp5Vo7pXK9IUrn1sAC3Gntx25s0lt7r8AEKrFiVt2t4y5kLgdy47DSuoC0ClJyaDpjjHqflIIgUutqnSqEwFbt38qqK4qFQ0YBq+rAoq6k3qL+h/lCkW/1w0VXxozhLs2SlCl0B07BqnWXnOiTK+tw7thnGvlLgq5pqOSiDwLut6FjkdgbGxu7uSgQgqSb0ZTifeof6wROyDg/vFPx6ofvG8pxhTtYym7Zp203ILyNFiUiW+KiLiEnZ6Ji+UKZ3EGXcqsDgl4IcDI+6zU0lJYdVgzkfO/fqqofAlYn3OZx/eoceCCvkfc6HL2hSX0DzaEfbdLHBVYbFfGaCUh2SPD8NSdYw5+icvo4F3VRe4EIxcXfQ1V9xVdNcnhXFDeUhGKhxLbkWVb5pd9GbiDIxLYSJ/+nw4ZPu60uIa+VXAHJUe53keR4JYwK0hjGhaB39UrZC17ly+x14hbDd7gDw2Q7HoquSYVNjeDSuxI+b5WK5u8NBKB/23ktjOKWH2qBRukUn9aV3NvhJx4zlxR7qNAsBY7jSjE66KOgSci91NXOknKBFeJHyBMsFnzr6Ww5pipX7O2R3WTlGDr13Oh32hFvvUCRO2dUBu7bl9p6DLl7mtbs6v9xYLM9xeQAo4qgyO0EX+zkRoKJoYCNGx3PIk6vhj/vJTyjsP+DYcDj1nsGt+bVbiEIRcDfl99gsqlAg3tuMT32gfGHMznUb/HOt6/NPofgDF7oquQnE/ztdhJaO1YZTNJ1XbhFyUe0tUBHmxdcxx6JIKmLBaXzsQy8n8osyCUZm4vDgJA7KH8G/TXmU8GN4NCo3Z+cJAm5HKImLRRK0oOzZd8p9ZYhwjHwOhzPILVK49QVhvspb66cdZAPTRb30TSHM4GGbcQYDRxAQcIKHHWZDsUJbE4oCt7brVWjAvoU2TYO1Wh0VZLkWQqGtt1urttgujfF3ssrkF3WsBjvjXlTYS7cgXXdNFRKUG+C6ajwW4YpcsUHCVY1vRJ/4A24yUUiKiZxVEzMoCrDbi13dCVVoweECqzoOUPCIWXHWYOpo9f0BrHKMfs4/yaSx8G5LXWYZps5103CtbVDe9TehbpumyUudKNhg29RN22iW+ZJ1dNswuG4wqFDBKlThu67zjjgmJa0QuopmK/7+uAqyIPlFHetCyl+5VVnmRHE6TuMkd9BxJyGwM6VZluTVMZEEUZqmcZRXMzlRNoZHIr9o+3mSQSsvTpBICcrxqub3VKtyf5Nb/z7/7NeWcKy2rC26//C5/xwKe2Vv6d37JfSzwKo8dP8+2j8CufiUSCQSiUQikUgkEolEIpFIJBKJRCKRSCQSiUQi+Z/zF8ADo0PT0IKkAAAAAElFTkSuQmCC\r\n'),
(6, 'Union Bank of Nigeria Plc', 'data:image/png;base64,iVBORw0KGgoAAAANSUhEUgAAAJcAAACRCAMAAAD5GNpWAAAAw1BMVEX///8eN23///35+fv8//8XM2seOGzubwAfNm7tbADqbwDpbAAAJGMAKWQAKGYAJGUAGl5MW4NHU34AIWQAAFns7vENLWg1SXo2Snj07+LqZgD5+/bi5OnX2uHyyKnsgTN/h6UuQXTvtZS8ws3pcw4AElyCjKTtroOiqrvvzq704M/1v6Hreyn3z7T56djzto7qh0XtWwDsklrrjk9ZZY51gJezuMdseJtrdZGOmKwACFlfbIybobfKzdrtpnnuoGz42cRwokkYAAAGdUlEQVR4nO2Xi3KCOBSGkxAiWggKBS+AluKFVdu6VVEqaN//qfYE8FK1O7Mzu9POTr5OHQMh+fnPyUlESCKRSCQSiUQikUgkEolEIpFIJBKJRCKRSCQSiURyDUF/TOlPi7gDQbN59zcKoy/1wetPi7iFEPJWX/xCx2iXzmrgGPlpIVfQ2Qw91we/zjE6+7OPnmu/LsfI67zRp8KxXxPJUgjtDnp99NYYdO/2IefP8zXy5VLV5+vA5Lp9Neb3LpTDw990MJwVjtE7ncntNSIeurhxdwpyLeRSZTnCd7o8jyDP8xDqznsz+lZb3MsxxQkC37m65ge+r1y2fd+hl7cD/7K/438ZQjQV9B3d90Gf9hfLrrf3XoVjs97NqvSfVlYnDNuddV7ZQpCSbIpr1i52xIs7ycpqQ5fWNhKTkWBthSzsrJJqapJsy/vjSAGblHhliadXaXBPFX1d9J5pH2q99/6w9MCxfuHYV2FpUy1xP8bVNEl75FbXbBiZxjr0waJtuGCSsx4ZooHV0a6wyN+NXFx2Z/BWQXgccrS9VUVQd1F7pi+NOciqLRrv4FhjhmZiVV4EXrFMruKQuSpj9rhIxsx2GQMJrsv5DrqsdbinctE2noonoIU7oatq5ka42zE0eB5rrtFMEchyxX2GXcOI7rpVL93qLut7b9JbCMdeoI592ZJyK00gFZyo5WL8CFFDMccYm1YWRUlqxYikTYY1u1W2E6SsDE3FEF8ahRp7hODHNvTPAsfPs06AyFpnahj7jh+lLedWV3cAbvWFW8uHiYfIvl46RoVj56WiHB9VXMz0GF5XVzHmaRlSRUER18C8KpMge1Ibqywv1lvSZHyN0BaC2CpzE+4roYp5Vo7pXK9IUrn1sAC3Gntx25s0lt7r8AEKrFiVt2t4y5kLgdy47DSuoC0ClJyaDpjjHqflIIgUutqnSqEwFbt38qqK4qFQ0YBq+rAoq6k3qL+h/lCkW/1w0VXxozhLs2SlCl0B07BqnWXnOiTK+tw7thnGvlLgq5pqOSiDwLut6FjkdgbGxu7uSgQgqSb0ZTifeof6wROyDg/vFPx6ofvG8pxhTtYym7Zp203ILyNFiUiW+KiLiEnZ6Ji+UKZ3EGXcqsDgl4IcDI+6zU0lJYdVgzkfO/fqqofAlYn3OZx/eoceCCvkfc6HL2hSX0DzaEfbdLHBVYbFfGaCUh2SPD8NSdYw5+icvo4F3VRe4EIxcXfQ1V9xVdNcnhXFDeUhGKhxLbkWVb5pd9GbiDIxLYSJ/+nw4ZPu60uIa+VXAHJUe53keR4JYwK0hjGhaB39UrZC17ly+x14hbDd7gDw2Q7HoquSYVNjeDSuxI+b5WK5u8NBKB/23ktjOKWH2qBRukUn9aV3NvhJx4zlxR7qNAsBY7jSjE66KOgSci91NXOknKBFeJHyBMsFnzr6Ww5pipX7O2R3WTlGDr13Oh32hFvvUCRO2dUBu7bl9p6DLl7mtbs6v9xYLM9xeQAo4qgyO0EX+zkRoKJoYCNGx3PIk6vhj/vJTyjsP+DYcDj1nsGt+bVbiEIRcDfl99gsqlAg3tuMT32gfGHMznUb/HOt6/NPofgDF7oquQnE/ztdhJaO1YZTNJ1XbhFyUe0tUBHmxdcxx6JIKmLBaXzsQy8n8osyCUZm4vDgJA7KH8G/TXmU8GN4NCo3Z+cJAm5HKImLRRK0oOzZd8p9ZYhwjHwOhzPILVK49QVhvspb66cdZAPTRb30TSHM4GGbcQYDRxAQcIKHHWZDsUJbE4oCt7brVWjAvoU2TYO1Wh0VZLkWQqGtt1urttgujfF3ssrkF3WsBjvjXlTYS7cgXXdNFRKUG+C6ajwW4YpcsUHCVY1vRJ/4A24yUUiKiZxVEzMoCrDbi13dCVVoweECqzoOUPCIWXHWYOpo9f0BrHKMfs4/yaSx8G5LXWYZps5103CtbVDe9TehbpumyUudKNhg29RN22iW+ZJ1dNswuG4wqFDBKlThu67zjjgmJa0QuopmK/7+uAqyIPlFHetCyl+5VVnmRHE6TuMkd9BxJyGwM6VZluTVMZEEUZqmcZRXMzlRNoZHIr9o+3mSQSsvTpBICcrxqub3VKtyf5Nb/z7/7NeWcKy2rC26//C5/xwKe2Vv6d37JfSzwKo8dP8+2j8CufiUSCQSiUQikUgkEolEIpFIJBKJRCKRSCQSiUQi+Z/zF8ADo0PT0IKkAAAAAElFTkSuQmCC\r\n'),
(7, 'United Bank for Africa Plc', 'data:image/png;base64,iVBORw0KGgoAAAANSUhEUgAAAJcAAACRCAMAAAD5GNpWAAAAw1BMVEX///8eN23///35+fv8//8XM2seOGzubwAfNm7tbADqbwDpbAAAJGMAKWQAKGYAJGUAGl5MW4NHU34AIWQAAFns7vENLWg1SXo2Snj07+LqZgD5+/bi5OnX2uHyyKnsgTN/h6UuQXTvtZS8ws3pcw4AElyCjKTtroOiqrvvzq704M/1v6Hreyn3z7T56djzto7qh0XtWwDsklrrjk9ZZY51gJezuMdseJtrdZGOmKwACFlfbIybobfKzdrtpnnuoGz42cRwokkYAAAGdUlEQVR4nO2Xi3KCOBSGkxAiWggKBS+AluKFVdu6VVEqaN//qfYE8FK1O7Mzu9POTr5OHQMh+fnPyUlESCKRSCQSiUQikUgkEolEIpFIJBKJRCKRSCQSiURyDUF/TOlPi7gDQbN59zcKoy/1wetPi7iFEPJWX/xCx2iXzmrgGPlpIVfQ2Qw91we/zjE6+7OPnmu/LsfI67zRp8KxXxPJUgjtDnp99NYYdO/2IefP8zXy5VLV5+vA5Lp9Neb3LpTDw990MJwVjtE7ncntNSIeurhxdwpyLeRSZTnCd7o8jyDP8xDqznsz+lZb3MsxxQkC37m65ge+r1y2fd+hl7cD/7K/438ZQjQV9B3d90Gf9hfLrrf3XoVjs97NqvSfVlYnDNuddV7ZQpCSbIpr1i52xIs7ycpqQ5fWNhKTkWBthSzsrJJqapJsy/vjSAGblHhliadXaXBPFX1d9J5pH2q99/6w9MCxfuHYV2FpUy1xP8bVNEl75FbXbBiZxjr0waJtuGCSsx4ZooHV0a6wyN+NXFx2Z/BWQXgccrS9VUVQd1F7pi+NOciqLRrv4FhjhmZiVV4EXrFMruKQuSpj9rhIxsx2GQMJrsv5DrqsdbinctE2noonoIU7oatq5ka42zE0eB5rrtFMEchyxX2GXcOI7rpVL93qLut7b9JbCMdeoI592ZJyK00gFZyo5WL8CFFDMccYm1YWRUlqxYikTYY1u1W2E6SsDE3FEF8ahRp7hODHNvTPAsfPs06AyFpnahj7jh+lLedWV3cAbvWFW8uHiYfIvl46RoVj56WiHB9VXMz0GF5XVzHmaRlSRUER18C8KpMge1Ibqywv1lvSZHyN0BaC2CpzE+4roYp5Vo7pXK9IUrn1sAC3Gntx25s0lt7r8AEKrFiVt2t4y5kLgdy47DSuoC0ClJyaDpjjHqflIIgUutqnSqEwFbt38qqK4qFQ0YBq+rAoq6k3qL+h/lCkW/1w0VXxozhLs2SlCl0B07BqnWXnOiTK+tw7thnGvlLgq5pqOSiDwLut6FjkdgbGxu7uSgQgqSb0ZTifeof6wROyDg/vFPx6ofvG8pxhTtYym7Zp203ILyNFiUiW+KiLiEnZ6Ji+UKZ3EGXcqsDgl4IcDI+6zU0lJYdVgzkfO/fqqofAlYn3OZx/eoceCCvkfc6HL2hSX0DzaEfbdLHBVYbFfGaCUh2SPD8NSdYw5+icvo4F3VRe4EIxcXfQ1V9xVdNcnhXFDeUhGKhxLbkWVb5pd9GbiDIxLYSJ/+nw4ZPu60uIa+VXAHJUe53keR4JYwK0hjGhaB39UrZC17ly+x14hbDd7gDw2Q7HoquSYVNjeDSuxI+b5WK5u8NBKB/23ktjOKWH2qBRukUn9aV3NvhJx4zlxR7qNAsBY7jSjE66KOgSci91NXOknKBFeJHyBMsFnzr6Ww5pipX7O2R3WTlGDr13Oh32hFvvUCRO2dUBu7bl9p6DLl7mtbs6v9xYLM9xeQAo4qgyO0EX+zkRoKJoYCNGx3PIk6vhj/vJTyjsP+DYcDj1nsGt+bVbiEIRcDfl99gsqlAg3tuMT32gfGHMznUb/HOt6/NPofgDF7oquQnE/ztdhJaO1YZTNJ1XbhFyUe0tUBHmxdcxx6JIKmLBaXzsQy8n8osyCUZm4vDgJA7KH8G/TXmU8GN4NCo3Z+cJAm5HKImLRRK0oOzZd8p9ZYhwjHwOhzPILVK49QVhvspb66cdZAPTRb30TSHM4GGbcQYDRxAQcIKHHWZDsUJbE4oCt7brVWjAvoU2TYO1Wh0VZLkWQqGtt1urttgujfF3ssrkF3WsBjvjXlTYS7cgXXdNFRKUG+C6ajwW4YpcsUHCVY1vRJ/4A24yUUiKiZxVEzMoCrDbi13dCVVoweECqzoOUPCIWXHWYOpo9f0BrHKMfs4/yaSx8G5LXWYZps5103CtbVDe9TehbpumyUudKNhg29RN22iW+ZJ1dNswuG4wqFDBKlThu67zjjgmJa0QuopmK/7+uAqyIPlFHetCyl+5VVnmRHE6TuMkd9BxJyGwM6VZluTVMZEEUZqmcZRXMzlRNoZHIr9o+3mSQSsvTpBICcrxqub3VKtyf5Nb/z7/7NeWcKy2rC26//C5/xwKe2Vv6d37JfSzwKo8dP8+2j8CufiUSCQSiUQikUgkEolEIpFIJBKJRCKRSCQSiUQi+Z/zF8ADo0PT0IKkAAAAAElFTkSuQmCC\r\n'),
(8, 'Zenith Bank Plc', 'data:image/png;base64,iVBORw0KGgoAAAANSUhEUgAAAJcAAACRCAMAAAD5GNpWAAAAw1BMVEX///8eN23///35+fv8//8XM2seOGzubwAfNm7tbADqbwDpbAAAJGMAKWQAKGYAJGUAGl5MW4NHU34AIWQAAFns7vENLWg1SXo2Snj07+LqZgD5+/bi5OnX2uHyyKnsgTN/h6UuQXTvtZS8ws3pcw4AElyCjKTtroOiqrvvzq704M/1v6Hreyn3z7T56djzto7qh0XtWwDsklrrjk9ZZY51gJezuMdseJtrdZGOmKwACFlfbIybobfKzdrtpnnuoGz42cRwokkYAAAGdUlEQVR4nO2Xi3KCOBSGkxAiWggKBS+AluKFVdu6VVEqaN//qfYE8FK1O7Mzu9POTr5OHQMh+fnPyUlESCKRSCQSiUQikUgkEolEIpFIJBKJRCKRSCQSiURyDUF/TOlPi7gDQbN59zcKoy/1wetPi7iFEPJWX/xCx2iXzmrgGPlpIVfQ2Qw91we/zjE6+7OPnmu/LsfI67zRp8KxXxPJUgjtDnp99NYYdO/2IefP8zXy5VLV5+vA5Lp9Neb3LpTDw990MJwVjtE7ncntNSIeurhxdwpyLeRSZTnCd7o8jyDP8xDqznsz+lZb3MsxxQkC37m65ge+r1y2fd+hl7cD/7K/438ZQjQV9B3d90Gf9hfLrrf3XoVjs97NqvSfVlYnDNuddV7ZQpCSbIpr1i52xIs7ycpqQ5fWNhKTkWBthSzsrJJqapJsy/vjSAGblHhliadXaXBPFX1d9J5pH2q99/6w9MCxfuHYV2FpUy1xP8bVNEl75FbXbBiZxjr0waJtuGCSsx4ZooHV0a6wyN+NXFx2Z/BWQXgccrS9VUVQd1F7pi+NOciqLRrv4FhjhmZiVV4EXrFMruKQuSpj9rhIxsx2GQMJrsv5DrqsdbinctE2noonoIU7oatq5ka42zE0eB5rrtFMEchyxX2GXcOI7rpVL93qLut7b9JbCMdeoI592ZJyK00gFZyo5WL8CFFDMccYm1YWRUlqxYikTYY1u1W2E6SsDE3FEF8ahRp7hODHNvTPAsfPs06AyFpnahj7jh+lLedWV3cAbvWFW8uHiYfIvl46RoVj56WiHB9VXMz0GF5XVzHmaRlSRUER18C8KpMge1Ibqywv1lvSZHyN0BaC2CpzE+4roYp5Vo7pXK9IUrn1sAC3Gntx25s0lt7r8AEKrFiVt2t4y5kLgdy47DSuoC0ClJyaDpjjHqflIIgUutqnSqEwFbt38qqK4qFQ0YBq+rAoq6k3qL+h/lCkW/1w0VXxozhLs2SlCl0B07BqnWXnOiTK+tw7thnGvlLgq5pqOSiDwLut6FjkdgbGxu7uSgQgqSb0ZTifeof6wROyDg/vFPx6ofvG8pxhTtYym7Zp203ILyNFiUiW+KiLiEnZ6Ji+UKZ3EGXcqsDgl4IcDI+6zU0lJYdVgzkfO/fqqofAlYn3OZx/eoceCCvkfc6HL2hSX0DzaEfbdLHBVYbFfGaCUh2SPD8NSdYw5+icvo4F3VRe4EIxcXfQ1V9xVdNcnhXFDeUhGKhxLbkWVb5pd9GbiDIxLYSJ/+nw4ZPu60uIa+VXAHJUe53keR4JYwK0hjGhaB39UrZC17ly+x14hbDd7gDw2Q7HoquSYVNjeDSuxI+b5WK5u8NBKB/23ktjOKWH2qBRukUn9aV3NvhJx4zlxR7qNAsBY7jSjE66KOgSci91NXOknKBFeJHyBMsFnzr6Ww5pipX7O2R3WTlGDr13Oh32hFvvUCRO2dUBu7bl9p6DLl7mtbs6v9xYLM9xeQAo4qgyO0EX+zkRoKJoYCNGx3PIk6vhj/vJTyjsP+DYcDj1nsGt+bVbiEIRcDfl99gsqlAg3tuMT32gfGHMznUb/HOt6/NPofgDF7oquQnE/ztdhJaO1YZTNJ1XbhFyUe0tUBHmxdcxx6JIKmLBaXzsQy8n8osyCUZm4vDgJA7KH8G/TXmU8GN4NCo3Z+cJAm5HKImLRRK0oOzZd8p9ZYhwjHwOhzPILVK49QVhvspb66cdZAPTRb30TSHM4GGbcQYDRxAQcIKHHWZDsUJbE4oCt7brVWjAvoU2TYO1Wh0VZLkWQqGtt1urttgujfF3ssrkF3WsBjvjXlTYS7cgXXdNFRKUG+C6ajwW4YpcsUHCVY1vRJ/4A24yUUiKiZxVEzMoCrDbi13dCVVoweECqzoOUPCIWXHWYOpo9f0BrHKMfs4/yaSx8G5LXWYZps5103CtbVDe9TehbpumyUudKNhg29RN22iW+ZJ1dNswuG4wqFDBKlThu67zjjgmJa0QuopmK/7+uAqyIPlFHetCyl+5VVnmRHE6TuMkd9BxJyGwM6VZluTVMZEEUZqmcZRXMzlRNoZHIr9o+3mSQSsvTpBICcrxqub3VKtyf5Nb/z7/7NeWcKy2rC26//C5/xwKe2Vv6d37JfSzwKo8dP8+2j8CufiUSCQSiUQikUgkEolEIpFIJBKJRCKRSCQSiUQi+Z/zF8ADo0PT0IKkAAAAAElFTkSuQmCC\r\n'),
(9, 'Citibank Nigeria Limited', 'data:image/png;base64,iVBORw0KGgoAAAANSUhEUgAAAJcAAACRCAMAAAD5GNpWAAAAw1BMVEX///8eN23///35+fv8//8XM2seOGzubwAfNm7tbADqbwDpbAAAJGMAKWQAKGYAJGUAGl5MW4NHU34AIWQAAFns7vENLWg1SXo2Snj07+LqZgD5+/bi5OnX2uHyyKnsgTN/h6UuQXTvtZS8ws3pcw4AElyCjKTtroOiqrvvzq704M/1v6Hreyn3z7T56djzto7qh0XtWwDsklrrjk9ZZY51gJezuMdseJtrdZGOmKwACFlfbIybobfKzdrtpnnuoGz42cRwokkYAAAGdUlEQVR4nO2Xi3KCOBSGkxAiWggKBS+AluKFVdu6VVEqaN//qfYE8FK1O7Mzu9POTr5OHQMh+fnPyUlESCKRSCQSiUQikUgkEolEIpFIJBKJRCKRSCQSiURyDUF/TOlPi7gDQbN59zcKoy/1wetPi7iFEPJWX/xCx2iXzmrgGPlpIVfQ2Qw91we/zjE6+7OPnmu/LsfI67zRp8KxXxPJUgjtDnp99NYYdO/2IefP8zXy5VLV5+vA5Lp9Neb3LpTDw990MJwVjtE7ncntNSIeurhxdwpyLeRSZTnCd7o8jyDP8xDqznsz+lZb3MsxxQkC37m65ge+r1y2fd+hl7cD/7K/438ZQjQV9B3d90Gf9hfLrrf3XoVjs97NqvSfVlYnDNuddV7ZQpCSbIpr1i52xIs7ycpqQ5fWNhKTkWBthSzsrJJqapJsy/vjSAGblHhliadXaXBPFX1d9J5pH2q99/6w9MCxfuHYV2FpUy1xP8bVNEl75FbXbBiZxjr0waJtuGCSsx4ZooHV0a6wyN+NXFx2Z/BWQXgccrS9VUVQd1F7pi+NOciqLRrv4FhjhmZiVV4EXrFMruKQuSpj9rhIxsx2GQMJrsv5DrqsdbinctE2noonoIU7oatq5ka42zE0eB5rrtFMEchyxX2GXcOI7rpVL93qLut7b9JbCMdeoI592ZJyK00gFZyo5WL8CFFDMccYm1YWRUlqxYikTYY1u1W2E6SsDE3FEF8ahRp7hODHNvTPAsfPs06AyFpnahj7jh+lLedWV3cAbvWFW8uHiYfIvl46RoVj56WiHB9VXMz0GF5XVzHmaRlSRUER18C8KpMge1Ibqywv1lvSZHyN0BaC2CpzE+4roYp5Vo7pXK9IUrn1sAC3Gntx25s0lt7r8AEKrFiVt2t4y5kLgdy47DSuoC0ClJyaDpjjHqflIIgUutqnSqEwFbt38qqK4qFQ0YBq+rAoq6k3qL+h/lCkW/1w0VXxozhLs2SlCl0B07BqnWXnOiTK+tw7thnGvlLgq5pqOSiDwLut6FjkdgbGxu7uSgQgqSb0ZTifeof6wROyDg/vFPx6ofvG8pxhTtYym7Zp203ILyNFiUiW+KiLiEnZ6Ji+UKZ3EGXcqsDgl4IcDI+6zU0lJYdVgzkfO/fqqofAlYn3OZx/eoceCCvkfc6HL2hSX0DzaEfbdLHBVYbFfGaCUh2SPD8NSdYw5+icvo4F3VRe4EIxcXfQ1V9xVdNcnhXFDeUhGKhxLbkWVb5pd9GbiDIxLYSJ/+nw4ZPu60uIa+VXAHJUe53keR4JYwK0hjGhaB39UrZC17ly+x14hbDd7gDw2Q7HoquSYVNjeDSuxI+b5WK5u8NBKB/23ktjOKWH2qBRukUn9aV3NvhJx4zlxR7qNAsBY7jSjE66KOgSci91NXOknKBFeJHyBMsFnzr6Ww5pipX7O2R3WTlGDr13Oh32hFvvUCRO2dUBu7bl9p6DLl7mtbs6v9xYLM9xeQAo4qgyO0EX+zkRoKJoYCNGx3PIk6vhj/vJTyjsP+DYcDj1nsGt+bVbiEIRcDfl99gsqlAg3tuMT32gfGHMznUb/HOt6/NPofgDF7oquQnE/ztdhJaO1YZTNJ1XbhFyUe0tUBHmxdcxx6JIKmLBaXzsQy8n8osyCUZm4vDgJA7KH8G/TXmU8GN4NCo3Z+cJAm5HKImLRRK0oOzZd8p9ZYhwjHwOhzPILVK49QVhvspb66cdZAPTRb30TSHM4GGbcQYDRxAQcIKHHWZDsUJbE4oCt7brVWjAvoU2TYO1Wh0VZLkWQqGtt1urttgujfF3ssrkF3WsBjvjXlTYS7cgXXdNFRKUG+C6ajwW4YpcsUHCVY1vRJ/4A24yUUiKiZxVEzMoCrDbi13dCVVoweECqzoOUPCIWXHWYOpo9f0BrHKMfs4/yaSx8G5LXWYZps5103CtbVDe9TehbpumyUudKNhg29RN22iW+ZJ1dNswuG4wqFDBKlThu67zjjgmJa0QuopmK/7+uAqyIPlFHetCyl+5VVnmRHE6TuMkd9BxJyGwM6VZluTVMZEEUZqmcZRXMzlRNoZHIr9o+3mSQSsvTpBICcrxqub3VKtyf5Nb/z7/7NeWcKy2rC26//C5/xwKe2Vv6d37JfSzwKo8dP8+2j8CufiUSCQSiUQikUgkEolEIpFIJBKJRCKRSCQSiUQi+Z/zF8ADo0PT0IKkAAAAAElFTkSuQmCC\r\n'),
(10, 'Ecobank Nigeria Plc', 'data:image/png;base64,iVBORw0KGgoAAAANSUhEUgAAAJcAAACRCAMAAAD5GNpWAAAAw1BMVEX///8eN23///35+fv8//8XM2seOGzubwAfNm7tbADqbwDpbAAAJGMAKWQAKGYAJGUAGl5MW4NHU34AIWQAAFns7vENLWg1SXo2Snj07+LqZgD5+/bi5OnX2uHyyKnsgTN/h6UuQXTvtZS8ws3pcw4AElyCjKTtroOiqrvvzq704M/1v6Hreyn3z7T56djzto7qh0XtWwDsklrrjk9ZZY51gJezuMdseJtrdZGOmKwACFlfbIybobfKzdrtpnnuoGz42cRwokkYAAAGdUlEQVR4nO2Xi3KCOBSGkxAiWggKBS+AluKFVdu6VVEqaN//qfYE8FK1O7Mzu9POTr5OHQMh+fnPyUlESCKRSCQSiUQikUgkEolEIpFIJBKJRCKRSCQSiURyDUF/TOlPi7gDQbN59zcKoy/1wetPi7iFEPJWX/xCx2iXzmrgGPlpIVfQ2Qw91we/zjE6+7OPnmu/LsfI67zRp8KxXxPJUgjtDnp99NYYdO/2IefP8zXy5VLV5+vA5Lp9Neb3LpTDw990MJwVjtE7ncntNSIeurhxdwpyLeRSZTnCd7o8jyDP8xDqznsz+lZb3MsxxQkC37m65ge+r1y2fd+hl7cD/7K/438ZQjQV9B3d90Gf9hfLrrf3XoVjs97NqvSfVlYnDNuddV7ZQpCSbIpr1i52xIs7ycpqQ5fWNhKTkWBthSzsrJJqapJsy/vjSAGblHhliadXaXBPFX1d9J5pH2q99/6w9MCxfuHYV2FpUy1xP8bVNEl75FbXbBiZxjr0waJtuGCSsx4ZooHV0a6wyN+NXFx2Z/BWQXgccrS9VUVQd1F7pi+NOciqLRrv4FhjhmZiVV4EXrFMruKQuSpj9rhIxsx2GQMJrsv5DrqsdbinctE2noonoIU7oatq5ka42zE0eB5rrtFMEchyxX2GXcOI7rpVL93qLut7b9JbCMdeoI592ZJyK00gFZyo5WL8CFFDMccYm1YWRUlqxYikTYY1u1W2E6SsDE3FEF8ahRp7hODHNvTPAsfPs06AyFpnahj7jh+lLedWV3cAbvWFW8uHiYfIvl46RoVj56WiHB9VXMz0GF5XVzHmaRlSRUER18C8KpMge1Ibqywv1lvSZHyN0BaC2CpzE+4roYp5Vo7pXK9IUrn1sAC3Gntx25s0lt7r8AEKrFiVt2t4y5kLgdy47DSuoC0ClJyaDpjjHqflIIgUutqnSqEwFbt38qqK4qFQ0YBq+rAoq6k3qL+h/lCkW/1w0VXxozhLs2SlCl0B07BqnWXnOiTK+tw7thnGvlLgq5pqOSiDwLut6FjkdgbGxu7uSgQgqSb0ZTifeof6wROyDg/vFPx6ofvG8pxhTtYym7Zp203ILyNFiUiW+KiLiEnZ6Ji+UKZ3EGXcqsDgl4IcDI+6zU0lJYdVgzkfO/fqqofAlYn3OZx/eoceCCvkfc6HL2hSX0DzaEfbdLHBVYbFfGaCUh2SPD8NSdYw5+icvo4F3VRe4EIxcXfQ1V9xVdNcnhXFDeUhGKhxLbkWVb5pd9GbiDIxLYSJ/+nw4ZPu60uIa+VXAHJUe53keR4JYwK0hjGhaB39UrZC17ly+x14hbDd7gDw2Q7HoquSYVNjeDSuxI+b5WK5u8NBKB/23ktjOKWH2qBRukUn9aV3NvhJx4zlxR7qNAsBY7jSjE66KOgSci91NXOknKBFeJHyBMsFnzr6Ww5pipX7O2R3WTlGDr13Oh32hFvvUCRO2dUBu7bl9p6DLl7mtbs6v9xYLM9xeQAo4qgyO0EX+zkRoKJoYCNGx3PIk6vhj/vJTyjsP+DYcDj1nsGt+bVbiEIRcDfl99gsqlAg3tuMT32gfGHMznUb/HOt6/NPofgDF7oquQnE/ztdhJaO1YZTNJ1XbhFyUe0tUBHmxdcxx6JIKmLBaXzsQy8n8osyCUZm4vDgJA7KH8G/TXmU8GN4NCo3Z+cJAm5HKImLRRK0oOzZd8p9ZYhwjHwOhzPILVK49QVhvspb66cdZAPTRb30TSHM4GGbcQYDRxAQcIKHHWZDsUJbE4oCt7brVWjAvoU2TYO1Wh0VZLkWQqGtt1urttgujfF3ssrkF3WsBjvjXlTYS7cgXXdNFRKUG+C6ajwW4YpcsUHCVY1vRJ/4A24yUUiKiZxVEzMoCrDbi13dCVVoweECqzoOUPCIWXHWYOpo9f0BrHKMfs4/yaSx8G5LXWYZps5103CtbVDe9TehbpumyUudKNhg29RN22iW+ZJ1dNswuG4wqFDBKlThu67zjjgmJa0QuopmK/7+uAqyIPlFHetCyl+5VVnmRHE6TuMkd9BxJyGwM6VZluTVMZEEUZqmcZRXMzlRNoZHIr9o+3mSQSsvTpBICcrxqub3VKtyf5Nb/z7/7NeWcKy2rC26//C5/xwKe2Vv6d37JfSzwKo8dP8+2j8CufiUSCQSiUQikUgkEolEIpFIJBKJRCKRSCQSiUQi+Z/zF8ADo0PT0IKkAAAAAElFTkSuQmCC\r\n'),
(11, 'Keystone Bank Limited', 'data:image/png;base64,iVBORw0KGgoAAAANSUhEUgAAAJcAAACRCAMAAAD5GNpWAAAAw1BMVEX///8eN23///35+fv8//8XM2seOGzubwAfNm7tbADqbwDpbAAAJGMAKWQAKGYAJGUAGl5MW4NHU34AIWQAAFns7vENLWg1SXo2Snj07+LqZgD5+/bi5OnX2uHyyKnsgTN/h6UuQXTvtZS8ws3pcw4AElyCjKTtroOiqrvvzq704M/1v6Hreyn3z7T56djzto7qh0XtWwDsklrrjk9ZZY51gJezuMdseJtrdZGOmKwACFlfbIybobfKzdrtpnnuoGz42cRwokkYAAAGdUlEQVR4nO2Xi3KCOBSGkxAiWggKBS+AluKFVdu6VVEqaN//qfYE8FK1O7Mzu9POTr5OHQMh+fnPyUlESCKRSCQSiUQikUgkEolEIpFIJBKJRCKRSCQSiURyDUF/TOlPi7gDQbN59zcKoy/1wetPi7iFEPJWX/xCx2iXzmrgGPlpIVfQ2Qw91we/zjE6+7OPnmu/LsfI67zRp8KxXxPJUgjtDnp99NYYdO/2IefP8zXy5VLV5+vA5Lp9Neb3LpTDw990MJwVjtE7ncntNSIeurhxdwpyLeRSZTnCd7o8jyDP8xDqznsz+lZb3MsxxQkC37m65ge+r1y2fd+hl7cD/7K/438ZQjQV9B3d90Gf9hfLrrf3XoVjs97NqvSfVlYnDNuddV7ZQpCSbIpr1i52xIs7ycpqQ5fWNhKTkWBthSzsrJJqapJsy/vjSAGblHhliadXaXBPFX1d9J5pH2q99/6w9MCxfuHYV2FpUy1xP8bVNEl75FbXbBiZxjr0waJtuGCSsx4ZooHV0a6wyN+NXFx2Z/BWQXgccrS9VUVQd1F7pi+NOciqLRrv4FhjhmZiVV4EXrFMruKQuSpj9rhIxsx2GQMJrsv5DrqsdbinctE2noonoIU7oatq5ka42zE0eB5rrtFMEchyxX2GXcOI7rpVL93qLut7b9JbCMdeoI592ZJyK00gFZyo5WL8CFFDMccYm1YWRUlqxYikTYY1u1W2E6SsDE3FEF8ahRp7hODHNvTPAsfPs06AyFpnahj7jh+lLedWV3cAbvWFW8uHiYfIvl46RoVj56WiHB9VXMz0GF5XVzHmaRlSRUER18C8KpMge1Ibqywv1lvSZHyN0BaC2CpzE+4roYp5Vo7pXK9IUrn1sAC3Gntx25s0lt7r8AEKrFiVt2t4y5kLgdy47DSuoC0ClJyaDpjjHqflIIgUutqnSqEwFbt38qqK4qFQ0YBq+rAoq6k3qL+h/lCkW/1w0VXxozhLs2SlCl0B07BqnWXnOiTK+tw7thnGvlLgq5pqOSiDwLut6FjkdgbGxu7uSgQgqSb0ZTifeof6wROyDg/vFPx6ofvG8pxhTtYym7Zp203ILyNFiUiW+KiLiEnZ6Ji+UKZ3EGXcqsDgl4IcDI+6zU0lJYdVgzkfO/fqqofAlYn3OZx/eoceCCvkfc6HL2hSX0DzaEfbdLHBVYbFfGaCUh2SPD8NSdYw5+icvo4F3VRe4EIxcXfQ1V9xVdNcnhXFDeUhGKhxLbkWVb5pd9GbiDIxLYSJ/+nw4ZPu60uIa+VXAHJUe53keR4JYwK0hjGhaB39UrZC17ly+x14hbDd7gDw2Q7HoquSYVNjeDSuxI+b5WK5u8NBKB/23ktjOKWH2qBRukUn9aV3NvhJx4zlxR7qNAsBY7jSjE66KOgSci91NXOknKBFeJHyBMsFnzr6Ww5pipX7O2R3WTlGDr13Oh32hFvvUCRO2dUBu7bl9p6DLl7mtbs6v9xYLM9xeQAo4qgyO0EX+zkRoKJoYCNGx3PIk6vhj/vJTyjsP+DYcDj1nsGt+bVbiEIRcDfl99gsqlAg3tuMT32gfGHMznUb/HOt6/NPofgDF7oquQnE/ztdhJaO1YZTNJ1XbhFyUe0tUBHmxdcxx6JIKmLBaXzsQy8n8osyCUZm4vDgJA7KH8G/TXmU8GN4NCo3Z+cJAm5HKImLRRK0oOzZd8p9ZYhwjHwOhzPILVK49QVhvspb66cdZAPTRb30TSHM4GGbcQYDRxAQcIKHHWZDsUJbE4oCt7brVWjAvoU2TYO1Wh0VZLkWQqGtt1urttgujfF3ssrkF3WsBjvjXlTYS7cgXXdNFRKUG+C6ajwW4YpcsUHCVY1vRJ/4A24yUUiKiZxVEzMoCrDbi13dCVVoweECqzoOUPCIWXHWYOpo9f0BrHKMfs4/yaSx8G5LXWYZps5103CtbVDe9TehbpumyUudKNhg29RN22iW+ZJ1dNswuG4wqFDBKlThu67zjjgmJa0QuopmK/7+uAqyIPlFHetCyl+5VVnmRHE6TuMkd9BxJyGwM6VZluTVMZEEUZqmcZRXMzlRNoZHIr9o+3mSQSsvTpBICcrxqub3VKtyf5Nb/z7/7NeWcKy2rC26//C5/xwKe2Vv6d37JfSzwKo8dP8+2j8CufiUSCQSiUQikUgkEolEIpFIJBKJRCKRSCQSiUQi+Z/zF8ADo0PT0IKkAAAAAElFTkSuQmCC\r\n'),
(12, 'Polaris Bank Limited', 'data:image/png;base64,iVBORw0KGgoAAAANSUhEUgAAAJcAAACRCAMAAAD5GNpWAAAAw1BMVEX///8eN23///35+fv8//8XM2seOGzubwAfNm7tbADqbwDpbAAAJGMAKWQAKGYAJGUAGl5MW4NHU34AIWQAAFns7vENLWg1SXo2Snj07+LqZgD5+/bi5OnX2uHyyKnsgTN/h6UuQXTvtZS8ws3pcw4AElyCjKTtroOiqrvvzq704M/1v6Hreyn3z7T56djzto7qh0XtWwDsklrrjk9ZZY51gJezuMdseJtrdZGOmKwACFlfbIybobfKzdrtpnnuoGz42cRwokkYAAAGdUlEQVR4nO2Xi3KCOBSGkxAiWggKBS+AluKFVdu6VVEqaN//qfYE8FK1O7Mzu9POTr5OHQMh+fnPyUlESCKRSCQSiUQikUgkEolEIpFIJBKJRCKRSCQSiURyDUF/TOlPi7gDQbN59zcKoy/1wetPi7iFEPJWX/xCx2iXzmrgGPlpIVfQ2Qw91we/zjE6+7OPnmu/LsfI67zRp8KxXxPJUgjtDnp99NYYdO/2IefP8zXy5VLV5+vA5Lp9Neb3LpTDw990MJwVjtE7ncntNSIeurhxdwpyLeRSZTnCd7o8jyDP8xDqznsz+lZb3MsxxQkC37m65ge+r1y2fd+hl7cD/7K/438ZQjQV9B3d90Gf9hfLrrf3XoVjs97NqvSfVlYnDNuddV7ZQpCSbIpr1i52xIs7ycpqQ5fWNhKTkWBthSzsrJJqapJsy/vjSAGblHhliadXaXBPFX1d9J5pH2q99/6w9MCxfuHYV2FpUy1xP8bVNEl75FbXbBiZxjr0waJtuGCSsx4ZooHV0a6wyN+NXFx2Z/BWQXgccrS9VUVQd1F7pi+NOciqLRrv4FhjhmZiVV4EXrFMruKQuSpj9rhIxsx2GQMJrsv5DrqsdbinctE2noonoIU7oatq5ka42zE0eB5rrtFMEchyxX2GXcOI7rpVL93qLut7b9JbCMdeoI592ZJyK00gFZyo5WL8CFFDMccYm1YWRUlqxYikTYY1u1W2E6SsDE3FEF8ahRp7hODHNvTPAsfPs06AyFpnahj7jh+lLedWV3cAbvWFW8uHiYfIvl46RoVj56WiHB9VXMz0GF5XVzHmaRlSRUER18C8KpMge1Ibqywv1lvSZHyN0BaC2CpzE+4roYp5Vo7pXK9IUrn1sAC3Gntx25s0lt7r8AEKrFiVt2t4y5kLgdy47DSuoC0ClJyaDpjjHqflIIgUutqnSqEwFbt38qqK4qFQ0YBq+rAoq6k3qL+h/lCkW/1w0VXxozhLs2SlCl0B07BqnWXnOiTK+tw7thnGvlLgq5pqOSiDwLut6FjkdgbGxu7uSgQgqSb0ZTifeof6wROyDg/vFPx6ofvG8pxhTtYym7Zp203ILyNFiUiW+KiLiEnZ6Ji+UKZ3EGXcqsDgl4IcDI+6zU0lJYdVgzkfO/fqqofAlYn3OZx/eoceCCvkfc6HL2hSX0DzaEfbdLHBVYbFfGaCUh2SPD8NSdYw5+icvo4F3VRe4EIxcXfQ1V9xVdNcnhXFDeUhGKhxLbkWVb5pd9GbiDIxLYSJ/+nw4ZPu60uIa+VXAHJUe53keR4JYwK0hjGhaB39UrZC17ly+x14hbDd7gDw2Q7HoquSYVNjeDSuxI+b5WK5u8NBKB/23ktjOKWH2qBRukUn9aV3NvhJx4zlxR7qNAsBY7jSjE66KOgSci91NXOknKBFeJHyBMsFnzr6Ww5pipX7O2R3WTlGDr13Oh32hFvvUCRO2dUBu7bl9p6DLl7mtbs6v9xYLM9xeQAo4qgyO0EX+zkRoKJoYCNGx3PIk6vhj/vJTyjsP+DYcDj1nsGt+bVbiEIRcDfl99gsqlAg3tuMT32gfGHMznUb/HOt6/NPofgDF7oquQnE/ztdhJaO1YZTNJ1XbhFyUe0tUBHmxdcxx6JIKmLBaXzsQy8n8osyCUZm4vDgJA7KH8G/TXmU8GN4NCo3Z+cJAm5HKImLRRK0oOzZd8p9ZYhwjHwOhzPILVK49QVhvspb66cdZAPTRb30TSHM4GGbcQYDRxAQcIKHHWZDsUJbE4oCt7brVWjAvoU2TYO1Wh0VZLkWQqGtt1urttgujfF3ssrkF3WsBjvjXlTYS7cgXXdNFRKUG+C6ajwW4YpcsUHCVY1vRJ/4A24yUUiKiZxVEzMoCrDbi13dCVVoweECqzoOUPCIWXHWYOpo9f0BrHKMfs4/yaSx8G5LXWYZps5103CtbVDe9TehbpumyUudKNhg29RN22iW+ZJ1dNswuG4wqFDBKlThu67zjjgmJa0QuopmK/7+uAqyIPlFHetCyl+5VVnmRHE6TuMkd9BxJyGwM6VZluTVMZEEUZqmcZRXMzlRNoZHIr9o+3mSQSsvTpBICcrxqub3VKtyf5Nb/z7/7NeWcKy2rC26//C5/xwKe2Vv6d37JfSzwKo8dP8+2j8CufiUSCQSiUQikUgkEolEIpFIJBKJRCKRSCQSiUQi+Z/zF8ADo0PT0IKkAAAAAElFTkSuQmCC\r\n'),
(13, 'Stanbic IBTC Bank Plc', 'data:image/png;base64,iVBORw0KGgoAAAANSUhEUgAAAJcAAACRCAMAAAD5GNpWAAAAw1BMVEX///8eN23///35+fv8//8XM2seOGzubwAfNm7tbADqbwDpbAAAJGMAKWQAKGYAJGUAGl5MW4NHU34AIWQAAFns7vENLWg1SXo2Snj07+LqZgD5+/bi5OnX2uHyyKnsgTN/h6UuQXTvtZS8ws3pcw4AElyCjKTtroOiqrvvzq704M/1v6Hreyn3z7T56djzto7qh0XtWwDsklrrjk9ZZY51gJezuMdseJtrdZGOmKwACFlfbIybobfKzdrtpnnuoGz42cRwokkYAAAGdUlEQVR4nO2Xi3KCOBSGkxAiWggKBS+AluKFVdu6VVEqaN//qfYE8FK1O7Mzu9POTr5OHQMh+fnPyUlESCKRSCQSiUQikUgkEolEIpFIJBKJRCKRSCQSiURyDUF/TOlPi7gDQbN59zcKoy/1wetPi7iFEPJWX/xCx2iXzmrgGPlpIVfQ2Qw91we/zjE6+7OPnmu/LsfI67zRp8KxXxPJUgjtDnp99NYYdO/2IefP8zXy5VLV5+vA5Lp9Neb3LpTDw990MJwVjtE7ncntNSIeurhxdwpyLeRSZTnCd7o8jyDP8xDqznsz+lZb3MsxxQkC37m65ge+r1y2fd+hl7cD/7K/438ZQjQV9B3d90Gf9hfLrrf3XoVjs97NqvSfVlYnDNuddV7ZQpCSbIpr1i52xIs7ycpqQ5fWNhKTkWBthSzsrJJqapJsy/vjSAGblHhliadXaXBPFX1d9J5pH2q99/6w9MCxfuHYV2FpUy1xP8bVNEl75FbXbBiZxjr0waJtuGCSsx4ZooHV0a6wyN+NXFx2Z/BWQXgccrS9VUVQd1F7pi+NOciqLRrv4FhjhmZiVV4EXrFMruKQuSpj9rhIxsx2GQMJrsv5DrqsdbinctE2noonoIU7oatq5ka42zE0eB5rrtFMEchyxX2GXcOI7rpVL93qLut7b9JbCMdeoI592ZJyK00gFZyo5WL8CFFDMccYm1YWRUlqxYikTYY1u1W2E6SsDE3FEF8ahRp7hODHNvTPAsfPs06AyFpnahj7jh+lLedWV3cAbvWFW8uHiYfIvl46RoVj56WiHB9VXMz0GF5XVzHmaRlSRUER18C8KpMge1Ibqywv1lvSZHyN0BaC2CpzE+4roYp5Vo7pXK9IUrn1sAC3Gntx25s0lt7r8AEKrFiVt2t4y5kLgdy47DSuoC0ClJyaDpjjHqflIIgUutqnSqEwFbt38qqK4qFQ0YBq+rAoq6k3qL+h/lCkW/1w0VXxozhLs2SlCl0B07BqnWXnOiTK+tw7thnGvlLgq5pqOSiDwLut6FjkdgbGxu7uSgQgqSb0ZTifeof6wROyDg/vFPx6ofvG8pxhTtYym7Zp203ILyNFiUiW+KiLiEnZ6Ji+UKZ3EGXcqsDgl4IcDI+6zU0lJYdVgzkfO/fqqofAlYn3OZx/eoceCCvkfc6HL2hSX0DzaEfbdLHBVYbFfGaCUh2SPD8NSdYw5+icvo4F3VRe4EIxcXfQ1V9xVdNcnhXFDeUhGKhxLbkWVb5pd9GbiDIxLYSJ/+nw4ZPu60uIa+VXAHJUe53keR4JYwK0hjGhaB39UrZC17ly+x14hbDd7gDw2Q7HoquSYVNjeDSuxI+b5WK5u8NBKB/23ktjOKWH2qBRukUn9aV3NvhJx4zlxR7qNAsBY7jSjE66KOgSci91NXOknKBFeJHyBMsFnzr6Ww5pipX7O2R3WTlGDr13Oh32hFvvUCRO2dUBu7bl9p6DLl7mtbs6v9xYLM9xeQAo4qgyO0EX+zkRoKJoYCNGx3PIk6vhj/vJTyjsP+DYcDj1nsGt+bVbiEIRcDfl99gsqlAg3tuMT32gfGHMznUb/HOt6/NPofgDF7oquQnE/ztdhJaO1YZTNJ1XbhFyUe0tUBHmxdcxx6JIKmLBaXzsQy8n8osyCUZm4vDgJA7KH8G/TXmU8GN4NCo3Z+cJAm5HKImLRRK0oOzZd8p9ZYhwjHwOhzPILVK49QVhvspb66cdZAPTRb30TSHM4GGbcQYDRxAQcIKHHWZDsUJbE4oCt7brVWjAvoU2TYO1Wh0VZLkWQqGtt1urttgujfF3ssrkF3WsBjvjXlTYS7cgXXdNFRKUG+C6ajwW4YpcsUHCVY1vRJ/4A24yUUiKiZxVEzMoCrDbi13dCVVoweECqzoOUPCIWXHWYOpo9f0BrHKMfs4/yaSx8G5LXWYZps5103CtbVDe9TehbpumyUudKNhg29RN22iW+ZJ1dNswuG4wqFDBKlThu67zjjgmJa0QuopmK/7+uAqyIPlFHetCyl+5VVnmRHE6TuMkd9BxJyGwM6VZluTVMZEEUZqmcZRXMzlRNoZHIr9o+3mSQSsvTpBICcrxqub3VKtyf5Nb/z7/7NeWcKy2rC26//C5/xwKe2Vv6d37JfSzwKo8dP8+2j8CufiUSCQSiUQikUgkEolEIpFIJBKJRCKRSCQSiUQi+Z/zF8ADo0PT0IKkAAAAAElFTkSuQmCC\r\n'),
(14, 'Standard Chartered', 'data:image/png;base64,iVBORw0KGgoAAAANSUhEUgAAAJcAAACRCAMAAAD5GNpWAAAAw1BMVEX///8eN23///35+fv8//8XM2seOGzubwAfNm7tbADqbwDpbAAAJGMAKWQAKGYAJGUAGl5MW4NHU34AIWQAAFns7vENLWg1SXo2Snj07+LqZgD5+/bi5OnX2uHyyKnsgTN/h6UuQXTvtZS8ws3pcw4AElyCjKTtroOiqrvvzq704M/1v6Hreyn3z7T56djzto7qh0XtWwDsklrrjk9ZZY51gJezuMdseJtrdZGOmKwACFlfbIybobfKzdrtpnnuoGz42cRwokkYAAAGdUlEQVR4nO2Xi3KCOBSGkxAiWggKBS+AluKFVdu6VVEqaN//qfYE8FK1O7Mzu9POTr5OHQMh+fnPyUlESCKRSCQSiUQikUgkEolEIpFIJBKJRCKRSCQSiURyDUF/TOlPi7gDQbN59zcKoy/1wetPi7iFEPJWX/xCx2iXzmrgGPlpIVfQ2Qw91we/zjE6+7OPnmu/LsfI67zRp8KxXxPJUgjtDnp99NYYdO/2IefP8zXy5VLV5+vA5Lp9Neb3LpTDw990MJwVjtE7ncntNSIeurhxdwpyLeRSZTnCd7o8jyDP8xDqznsz+lZb3MsxxQkC37m65ge+r1y2fd+hl7cD/7K/438ZQjQV9B3d90Gf9hfLrrf3XoVjs97NqvSfVlYnDNuddV7ZQpCSbIpr1i52xIs7ycpqQ5fWNhKTkWBthSzsrJJqapJsy/vjSAGblHhliadXaXBPFX1d9J5pH2q99/6w9MCxfuHYV2FpUy1xP8bVNEl75FbXbBiZxjr0waJtuGCSsx4ZooHV0a6wyN+NXFx2Z/BWQXgccrS9VUVQd1F7pi+NOciqLRrv4FhjhmZiVV4EXrFMruKQuSpj9rhIxsx2GQMJrsv5DrqsdbinctE2noonoIU7oatq5ka42zE0eB5rrtFMEchyxX2GXcOI7rpVL93qLut7b9JbCMdeoI592ZJyK00gFZyo5WL8CFFDMccYm1YWRUlqxYikTYY1u1W2E6SsDE3FEF8ahRp7hODHNvTPAsfPs06AyFpnahj7jh+lLedWV3cAbvWFW8uHiYfIvl46RoVj56WiHB9VXMz0GF5XVzHmaRlSRUER18C8KpMge1Ibqywv1lvSZHyN0BaC2CpzE+4roYp5Vo7pXK9IUrn1sAC3Gntx25s0lt7r8AEKrFiVt2t4y5kLgdy47DSuoC0ClJyaDpjjHqflIIgUutqnSqEwFbt38qqK4qFQ0YBq+rAoq6k3qL+h/lCkW/1w0VXxozhLs2SlCl0B07BqnWXnOiTK+tw7thnGvlLgq5pqOSiDwLut6FjkdgbGxu7uSgQgqSb0ZTifeof6wROyDg/vFPx6ofvG8pxhTtYym7Zp203ILyNFiUiW+KiLiEnZ6Ji+UKZ3EGXcqsDgl4IcDI+6zU0lJYdVgzkfO/fqqofAlYn3OZx/eoceCCvkfc6HL2hSX0DzaEfbdLHBVYbFfGaCUh2SPD8NSdYw5+icvo4F3VRe4EIxcXfQ1V9xVdNcnhXFDeUhGKhxLbkWVb5pd9GbiDIxLYSJ/+nw4ZPu60uIa+VXAHJUe53keR4JYwK0hjGhaB39UrZC17ly+x14hbDd7gDw2Q7HoquSYVNjeDSuxI+b5WK5u8NBKB/23ktjOKWH2qBRukUn9aV3NvhJx4zlxR7qNAsBY7jSjE66KOgSci91NXOknKBFeJHyBMsFnzr6Ww5pipX7O2R3WTlGDr13Oh32hFvvUCRO2dUBu7bl9p6DLl7mtbs6v9xYLM9xeQAo4qgyO0EX+zkRoKJoYCNGx3PIk6vhj/vJTyjsP+DYcDj1nsGt+bVbiEIRcDfl99gsqlAg3tuMT32gfGHMznUb/HOt6/NPofgDF7oquQnE/ztdhJaO1YZTNJ1XbhFyUe0tUBHmxdcxx6JIKmLBaXzsQy8n8osyCUZm4vDgJA7KH8G/TXmU8GN4NCo3Z+cJAm5HKImLRRK0oOzZd8p9ZYhwjHwOhzPILVK49QVhvspb66cdZAPTRb30TSHM4GGbcQYDRxAQcIKHHWZDsUJbE4oCt7brVWjAvoU2TYO1Wh0VZLkWQqGtt1urttgujfF3ssrkF3WsBjvjXlTYS7cgXXdNFRKUG+C6ajwW4YpcsUHCVY1vRJ/4A24yUUiKiZxVEzMoCrDbi13dCVVoweECqzoOUPCIWXHWYOpo9f0BrHKMfs4/yaSx8G5LXWYZps5103CtbVDe9TehbpumyUudKNhg29RN22iW+ZJ1dNswuG4wqFDBKlThu67zjjgmJa0QuopmK/7+uAqyIPlFHetCyl+5VVnmRHE6TuMkd9BxJyGwM6VZluTVMZEEUZqmcZRXMzlRNoZHIr9o+3mSQSsvTpBICcrxqub3VKtyf5Nb/z7/7NeWcKy2rC26//C5/xwKe2Vv6d37JfSzwKo8dP8+2j8CufiUSCQSiUQikUgkEolEIpFIJBKJRCKRSCQSiUQi+Z/zF8ADo0PT0IKkAAAAAElFTkSuQmCC\r\n'),
(15, 'Sterling Bank Plc', 'data:image/png;base64,iVBORw0KGgoAAAANSUhEUgAAAJcAAACRCAMAAAD5GNpWAAAAw1BMVEX///8eN23///35+fv8//8XM2seOGzubwAfNm7tbADqbwDpbAAAJGMAKWQAKGYAJGUAGl5MW4NHU34AIWQAAFns7vENLWg1SXo2Snj07+LqZgD5+/bi5OnX2uHyyKnsgTN/h6UuQXTvtZS8ws3pcw4AElyCjKTtroOiqrvvzq704M/1v6Hreyn3z7T56djzto7qh0XtWwDsklrrjk9ZZY51gJezuMdseJtrdZGOmKwACFlfbIybobfKzdrtpnnuoGz42cRwokkYAAAGdUlEQVR4nO2Xi3KCOBSGkxAiWggKBS+AluKFVdu6VVEqaN//qfYE8FK1O7Mzu9POTr5OHQMh+fnPyUlESCKRSCQSiUQikUgkEolEIpFIJBKJRCKRSCQSiURyDUF/TOlPi7gDQbN59zcKoy/1wetPi7iFEPJWX/xCx2iXzmrgGPlpIVfQ2Qw91we/zjE6+7OPnmu/LsfI67zRp8KxXxPJUgjtDnp99NYYdO/2IefP8zXy5VLV5+vA5Lp9Neb3LpTDw990MJwVjtE7ncntNSIeurhxdwpyLeRSZTnCd7o8jyDP8xDqznsz+lZb3MsxxQkC37m65ge+r1y2fd+hl7cD/7K/438ZQjQV9B3d90Gf9hfLrrf3XoVjs97NqvSfVlYnDNuddV7ZQpCSbIpr1i52xIs7ycpqQ5fWNhKTkWBthSzsrJJqapJsy/vjSAGblHhliadXaXBPFX1d9J5pH2q99/6w9MCxfuHYV2FpUy1xP8bVNEl75FbXbBiZxjr0waJtuGCSsx4ZooHV0a6wyN+NXFx2Z/BWQXgccrS9VUVQd1F7pi+NOciqLRrv4FhjhmZiVV4EXrFMruKQuSpj9rhIxsx2GQMJrsv5DrqsdbinctE2noonoIU7oatq5ka42zE0eB5rrtFMEchyxX2GXcOI7rpVL93qLut7b9JbCMdeoI592ZJyK00gFZyo5WL8CFFDMccYm1YWRUlqxYikTYY1u1W2E6SsDE3FEF8ahRp7hODHNvTPAsfPs06AyFpnahj7jh+lLedWV3cAbvWFW8uHiYfIvl46RoVj56WiHB9VXMz0GF5XVzHmaRlSRUER18C8KpMge1Ibqywv1lvSZHyN0BaC2CpzE+4roYp5Vo7pXK9IUrn1sAC3Gntx25s0lt7r8AEKrFiVt2t4y5kLgdy47DSuoC0ClJyaDpjjHqflIIgUutqnSqEwFbt38qqK4qFQ0YBq+rAoq6k3qL+h/lCkW/1w0VXxozhLs2SlCl0B07BqnWXnOiTK+tw7thnGvlLgq5pqOSiDwLut6FjkdgbGxu7uSgQgqSb0ZTifeof6wROyDg/vFPx6ofvG8pxhTtYym7Zp203ILyNFiUiW+KiLiEnZ6Ji+UKZ3EGXcqsDgl4IcDI+6zU0lJYdVgzkfO/fqqofAlYn3OZx/eoceCCvkfc6HL2hSX0DzaEfbdLHBVYbFfGaCUh2SPD8NSdYw5+icvo4F3VRe4EIxcXfQ1V9xVdNcnhXFDeUhGKhxLbkWVb5pd9GbiDIxLYSJ/+nw4ZPu60uIa+VXAHJUe53keR4JYwK0hjGhaB39UrZC17ly+x14hbDd7gDw2Q7HoquSYVNjeDSuxI+b5WK5u8NBKB/23ktjOKWH2qBRukUn9aV3NvhJx4zlxR7qNAsBY7jSjE66KOgSci91NXOknKBFeJHyBMsFnzr6Ww5pipX7O2R3WTlGDr13Oh32hFvvUCRO2dUBu7bl9p6DLl7mtbs6v9xYLM9xeQAo4qgyO0EX+zkRoKJoYCNGx3PIk6vhj/vJTyjsP+DYcDj1nsGt+bVbiEIRcDfl99gsqlAg3tuMT32gfGHMznUb/HOt6/NPofgDF7oquQnE/ztdhJaO1YZTNJ1XbhFyUe0tUBHmxdcxx6JIKmLBaXzsQy8n8osyCUZm4vDgJA7KH8G/TXmU8GN4NCo3Z+cJAm5HKImLRRK0oOzZd8p9ZYhwjHwOhzPILVK49QVhvspb66cdZAPTRb30TSHM4GGbcQYDRxAQcIKHHWZDsUJbE4oCt7brVWjAvoU2TYO1Wh0VZLkWQqGtt1urttgujfF3ssrkF3WsBjvjXlTYS7cgXXdNFRKUG+C6ajwW4YpcsUHCVY1vRJ/4A24yUUiKiZxVEzMoCrDbi13dCVVoweECqzoOUPCIWXHWYOpo9f0BrHKMfs4/yaSx8G5LXWYZps5103CtbVDe9TehbpumyUudKNhg29RN22iW+ZJ1dNswuG4wqFDBKlThu67zjjgmJa0QuopmK/7+uAqyIPlFHetCyl+5VVnmRHE6TuMkd9BxJyGwM6VZluTVMZEEUZqmcZRXMzlRNoZHIr9o+3mSQSsvTpBICcrxqub3VKtyf5Nb/z7/7NeWcKy2rC26//C5/xwKe2Vv6d37JfSzwKo8dP8+2j8CufiUSCQSiUQikUgkEolEIpFIJBKJRCKRSCQSiUQi+Z/zF8ADo0PT0IKkAAAAAElFTkSuQmCC\r\n'),
(16, 'Titan Trust Bank Limited', 'data:image/png;base64,iVBORw0KGgoAAAANSUhEUgAAAJcAAACRCAMAAAD5GNpWAAAAw1BMVEX///8eN23///35+fv8//8XM2seOGzubwAfNm7tbADqbwDpbAAAJGMAKWQAKGYAJGUAGl5MW4NHU34AIWQAAFns7vENLWg1SXo2Snj07+LqZgD5+/bi5OnX2uHyyKnsgTN/h6UuQXTvtZS8ws3pcw4AElyCjKTtroOiqrvvzq704M/1v6Hreyn3z7T56djzto7qh0XtWwDsklrrjk9ZZY51gJezuMdseJtrdZGOmKwACFlfbIybobfKzdrtpnnuoGz42cRwokkYAAAGdUlEQVR4nO2Xi3KCOBSGkxAiWggKBS+AluKFVdu6VVEqaN//qfYE8FK1O7Mzu9POTr5OHQMh+fnPyUlESCKRSCQSiUQikUgkEolEIpFIJBKJRCKRSCQSiURyDUF/TOlPi7gDQbN59zcKoy/1wetPi7iFEPJWX/xCx2iXzmrgGPlpIVfQ2Qw91we/zjE6+7OPnmu/LsfI67zRp8KxXxPJUgjtDnp99NYYdO/2IefP8zXy5VLV5+vA5Lp9Neb3LpTDw990MJwVjtE7ncntNSIeurhxdwpyLeRSZTnCd7o8jyDP8xDqznsz+lZb3MsxxQkC37m65ge+r1y2fd+hl7cD/7K/438ZQjQV9B3d90Gf9hfLrrf3XoVjs97NqvSfVlYnDNuddV7ZQpCSbIpr1i52xIs7ycpqQ5fWNhKTkWBthSzsrJJqapJsy/vjSAGblHhliadXaXBPFX1d9J5pH2q99/6w9MCxfuHYV2FpUy1xP8bVNEl75FbXbBiZxjr0waJtuGCSsx4ZooHV0a6wyN+NXFx2Z/BWQXgccrS9VUVQd1F7pi+NOciqLRrv4FhjhmZiVV4EXrFMruKQuSpj9rhIxsx2GQMJrsv5DrqsdbinctE2noonoIU7oatq5ka42zE0eB5rrtFMEchyxX2GXcOI7rpVL93qLut7b9JbCMdeoI592ZJyK00gFZyo5WL8CFFDMccYm1YWRUlqxYikTYY1u1W2E6SsDE3FEF8ahRp7hODHNvTPAsfPs06AyFpnahj7jh+lLedWV3cAbvWFW8uHiYfIvl46RoVj56WiHB9VXMz0GF5XVzHmaRlSRUER18C8KpMge1Ibqywv1lvSZHyN0BaC2CpzE+4roYp5Vo7pXK9IUrn1sAC3Gntx25s0lt7r8AEKrFiVt2t4y5kLgdy47DSuoC0ClJyaDpjjHqflIIgUutqnSqEwFbt38qqK4qFQ0YBq+rAoq6k3qL+h/lCkW/1w0VXxozhLs2SlCl0B07BqnWXnOiTK+tw7thnGvlLgq5pqOSiDwLut6FjkdgbGxu7uSgQgqSb0ZTifeof6wROyDg/vFPx6ofvG8pxhTtYym7Zp203ILyNFiUiW+KiLiEnZ6Ji+UKZ3EGXcqsDgl4IcDI+6zU0lJYdVgzkfO/fqqofAlYn3OZx/eoceCCvkfc6HL2hSX0DzaEfbdLHBVYbFfGaCUh2SPD8NSdYw5+icvo4F3VRe4EIxcXfQ1V9xVdNcnhXFDeUhGKhxLbkWVb5pd9GbiDIxLYSJ/+nw4ZPu60uIa+VXAHJUe53keR4JYwK0hjGhaB39UrZC17ly+x14hbDd7gDw2Q7HoquSYVNjeDSuxI+b5WK5u8NBKB/23ktjOKWH2qBRukUn9aV3NvhJx4zlxR7qNAsBY7jSjE66KOgSci91NXOknKBFeJHyBMsFnzr6Ww5pipX7O2R3WTlGDr13Oh32hFvvUCRO2dUBu7bl9p6DLl7mtbs6v9xYLM9xeQAo4qgyO0EX+zkRoKJoYCNGx3PIk6vhj/vJTyjsP+DYcDj1nsGt+bVbiEIRcDfl99gsqlAg3tuMT32gfGHMznUb/HOt6/NPofgDF7oquQnE/ztdhJaO1YZTNJ1XbhFyUe0tUBHmxdcxx6JIKmLBaXzsQy8n8osyCUZm4vDgJA7KH8G/TXmU8GN4NCo3Z+cJAm5HKImLRRK0oOzZd8p9ZYhwjHwOhzPILVK49QVhvspb66cdZAPTRb30TSHM4GGbcQYDRxAQcIKHHWZDsUJbE4oCt7brVWjAvoU2TYO1Wh0VZLkWQqGtt1urttgujfF3ssrkF3WsBjvjXlTYS7cgXXdNFRKUG+C6ajwW4YpcsUHCVY1vRJ/4A24yUUiKiZxVEzMoCrDbi13dCVVoweECqzoOUPCIWXHWYOpo9f0BrHKMfs4/yaSx8G5LXWYZps5103CtbVDe9TehbpumyUudKNhg29RN22iW+ZJ1dNswuG4wqFDBKlThu67zjjgmJa0QuopmK/7+uAqyIPlFHetCyl+5VVnmRHE6TuMkd9BxJyGwM6VZluTVMZEEUZqmcZRXMzlRNoZHIr9o+3mSQSsvTpBICcrxqub3VKtyf5Nb/z7/7NeWcKy2rC26//C5/xwKe2Vv6d37JfSzwKo8dP8+2j8CufiUSCQSiUQikUgkEolEIpFIJBKJRCKRSCQSiUQi+Z/zF8ADo0PT0IKkAAAAAElFTkSuQmCC\r\n'),
(17, 'Unity Bank Plc', 'data:image/png;base64,iVBORw0KGgoAAAANSUhEUgAAAJcAAACRCAMAAAD5GNpWAAAAw1BMVEX///8eN23///35+fv8//8XM2seOGzubwAfNm7tbADqbwDpbAAAJGMAKWQAKGYAJGUAGl5MW4NHU34AIWQAAFns7vENLWg1SXo2Snj07+LqZgD5+/bi5OnX2uHyyKnsgTN/h6UuQXTvtZS8ws3pcw4AElyCjKTtroOiqrvvzq704M/1v6Hreyn3z7T56djzto7qh0XtWwDsklrrjk9ZZY51gJezuMdseJtrdZGOmKwACFlfbIybobfKzdrtpnnuoGz42cRwokkYAAAGdUlEQVR4nO2Xi3KCOBSGkxAiWggKBS+AluKFVdu6VVEqaN//qfYE8FK1O7Mzu9POTr5OHQMh+fnPyUlESCKRSCQSiUQikUgkEolEIpFIJBKJRCKRSCQSiURyDUF/TOlPi7gDQbN59zcKoy/1wetPi7iFEPJWX/xCx2iXzmrgGPlpIVfQ2Qw91we/zjE6+7OPnmu/LsfI67zRp8KxXxPJUgjtDnp99NYYdO/2IefP8zXy5VLV5+vA5Lp9Neb3LpTDw990MJwVjtE7ncntNSIeurhxdwpyLeRSZTnCd7o8jyDP8xDqznsz+lZb3MsxxQkC37m65ge+r1y2fd+hl7cD/7K/438ZQjQV9B3d90Gf9hfLrrf3XoVjs97NqvSfVlYnDNuddV7ZQpCSbIpr1i52xIs7ycpqQ5fWNhKTkWBthSzsrJJqapJsy/vjSAGblHhliadXaXBPFX1d9J5pH2q99/6w9MCxfuHYV2FpUy1xP8bVNEl75FbXbBiZxjr0waJtuGCSsx4ZooHV0a6wyN+NXFx2Z/BWQXgccrS9VUVQd1F7pi+NOciqLRrv4FhjhmZiVV4EXrFMruKQuSpj9rhIxsx2GQMJrsv5DrqsdbinctE2noonoIU7oatq5ka42zE0eB5rrtFMEchyxX2GXcOI7rpVL93qLut7b9JbCMdeoI592ZJyK00gFZyo5WL8CFFDMccYm1YWRUlqxYikTYY1u1W2E6SsDE3FEF8ahRp7hODHNvTPAsfPs06AyFpnahj7jh+lLedWV3cAbvWFW8uHiYfIvl46RoVj56WiHB9VXMz0GF5XVzHmaRlSRUER18C8KpMge1Ibqywv1lvSZHyN0BaC2CpzE+4roYp5Vo7pXK9IUrn1sAC3Gntx25s0lt7r8AEKrFiVt2t4y5kLgdy47DSuoC0ClJyaDpjjHqflIIgUutqnSqEwFbt38qqK4qFQ0YBq+rAoq6k3qL+h/lCkW/1w0VXxozhLs2SlCl0B07BqnWXnOiTK+tw7thnGvlLgq5pqOSiDwLut6FjkdgbGxu7uSgQgqSb0ZTifeof6wROyDg/vFPx6ofvG8pxhTtYym7Zp203ILyNFiUiW+KiLiEnZ6Ji+UKZ3EGXcqsDgl4IcDI+6zU0lJYdVgzkfO/fqqofAlYn3OZx/eoceCCvkfc6HL2hSX0DzaEfbdLHBVYbFfGaCUh2SPD8NSdYw5+icvo4F3VRe4EIxcXfQ1V9xVdNcnhXFDeUhGKhxLbkWVb5pd9GbiDIxLYSJ/+nw4ZPu60uIa+VXAHJUe53keR4JYwK0hjGhaB39UrZC17ly+x14hbDd7gDw2Q7HoquSYVNjeDSuxI+b5WK5u8NBKB/23ktjOKWH2qBRukUn9aV3NvhJx4zlxR7qNAsBY7jSjE66KOgSci91NXOknKBFeJHyBMsFnzr6Ww5pipX7O2R3WTlGDr13Oh32hFvvUCRO2dUBu7bl9p6DLl7mtbs6v9xYLM9xeQAo4qgyO0EX+zkRoKJoYCNGx3PIk6vhj/vJTyjsP+DYcDj1nsGt+bVbiEIRcDfl99gsqlAg3tuMT32gfGHMznUb/HOt6/NPofgDF7oquQnE/ztdhJaO1YZTNJ1XbhFyUe0tUBHmxdcxx6JIKmLBaXzsQy8n8osyCUZm4vDgJA7KH8G/TXmU8GN4NCo3Z+cJAm5HKImLRRK0oOzZd8p9ZYhwjHwOhzPILVK49QVhvspb66cdZAPTRb30TSHM4GGbcQYDRxAQcIKHHWZDsUJbE4oCt7brVWjAvoU2TYO1Wh0VZLkWQqGtt1urttgujfF3ssrkF3WsBjvjXlTYS7cgXXdNFRKUG+C6ajwW4YpcsUHCVY1vRJ/4A24yUUiKiZxVEzMoCrDbi13dCVVoweECqzoOUPCIWXHWYOpo9f0BrHKMfs4/yaSx8G5LXWYZps5103CtbVDe9TehbpumyUudKNhg29RN22iW+ZJ1dNswuG4wqFDBKlThu67zjjgmJa0QuopmK/7+uAqyIPlFHetCyl+5VVnmRHE6TuMkd9BxJyGwM6VZluTVMZEEUZqmcZRXMzlRNoZHIr9o+3mSQSsvTpBICcrxqub3VKtyf5Nb/z7/7NeWcKy2rC26//C5/xwKe2Vv6d37JfSzwKo8dP8+2j8CufiUSCQSiUQikUgkEolEIpFIJBKJRCKRSCQSiUQi+Z/zF8ADo0PT0IKkAAAAAElFTkSuQmCC\r\n'),
(18, 'Wema Bank Plc', 'data:image/png;base64,iVBORw0KGgoAAAANSUhEUgAAAJcAAACRCAMAAAD5GNpWAAAAw1BMVEX///8eN23///35+fv8//8XM2seOGzubwAfNm7tbADqbwDpbAAAJGMAKWQAKGYAJGUAGl5MW4NHU34AIWQAAFns7vENLWg1SXo2Snj07+LqZgD5+/bi5OnX2uHyyKnsgTN/h6UuQXTvtZS8ws3pcw4AElyCjKTtroOiqrvvzq704M/1v6Hreyn3z7T56djzto7qh0XtWwDsklrrjk9ZZY51gJezuMdseJtrdZGOmKwACFlfbIybobfKzdrtpnnuoGz42cRwokkYAAAGdUlEQVR4nO2Xi3KCOBSGkxAiWggKBS+AluKFVdu6VVEqaN//qfYE8FK1O7Mzu9POTr5OHQMh+fnPyUlESCKRSCQSiUQikUgkEolEIpFIJBKJRCKRSCQSiURyDUF/TOlPi7gDQbN59zcKoy/1wetPi7iFEPJWX/xCx2iXzmrgGPlpIVfQ2Qw91we/zjE6+7OPnmu/LsfI67zRp8KxXxPJUgjtDnp99NYYdO/2IefP8zXy5VLV5+vA5Lp9Neb3LpTDw990MJwVjtE7ncntNSIeurhxdwpyLeRSZTnCd7o8jyDP8xDqznsz+lZb3MsxxQkC37m65ge+r1y2fd+hl7cD/7K/438ZQjQV9B3d90Gf9hfLrrf3XoVjs97NqvSfVlYnDNuddV7ZQpCSbIpr1i52xIs7ycpqQ5fWNhKTkWBthSzsrJJqapJsy/vjSAGblHhliadXaXBPFX1d9J5pH2q99/6w9MCxfuHYV2FpUy1xP8bVNEl75FbXbBiZxjr0waJtuGCSsx4ZooHV0a6wyN+NXFx2Z/BWQXgccrS9VUVQd1F7pi+NOciqLRrv4FhjhmZiVV4EXrFMruKQuSpj9rhIxsx2GQMJrsv5DrqsdbinctE2noonoIU7oatq5ka42zE0eB5rrtFMEchyxX2GXcOI7rpVL93qLut7b9JbCMdeoI592ZJyK00gFZyo5WL8CFFDMccYm1YWRUlqxYikTYY1u1W2E6SsDE3FEF8ahRp7hODHNvTPAsfPs06AyFpnahj7jh+lLedWV3cAbvWFW8uHiYfIvl46RoVj56WiHB9VXMz0GF5XVzHmaRlSRUER18C8KpMge1Ibqywv1lvSZHyN0BaC2CpzE+4roYp5Vo7pXK9IUrn1sAC3Gntx25s0lt7r8AEKrFiVt2t4y5kLgdy47DSuoC0ClJyaDpjjHqflIIgUutqnSqEwFbt38qqK4qFQ0YBq+rAoq6k3qL+h/lCkW/1w0VXxozhLs2SlCl0B07BqnWXnOiTK+tw7thnGvlLgq5pqOSiDwLut6FjkdgbGxu7uSgQgqSb0ZTifeof6wROyDg/vFPx6ofvG8pxhTtYym7Zp203ILyNFiUiW+KiLiEnZ6Ji+UKZ3EGXcqsDgl4IcDI+6zU0lJYdVgzkfO/fqqofAlYn3OZx/eoceCCvkfc6HL2hSX0DzaEfbdLHBVYbFfGaCUh2SPD8NSdYw5+icvo4F3VRe4EIxcXfQ1V9xVdNcnhXFDeUhGKhxLbkWVb5pd9GbiDIxLYSJ/+nw4ZPu60uIa+VXAHJUe53keR4JYwK0hjGhaB39UrZC17ly+x14hbDd7gDw2Q7HoquSYVNjeDSuxI+b5WK5u8NBKB/23ktjOKWH2qBRukUn9aV3NvhJx4zlxR7qNAsBY7jSjE66KOgSci91NXOknKBFeJHyBMsFnzr6Ww5pipX7O2R3WTlGDr13Oh32hFvvUCRO2dUBu7bl9p6DLl7mtbs6v9xYLM9xeQAo4qgyO0EX+zkRoKJoYCNGx3PIk6vhj/vJTyjsP+DYcDj1nsGt+bVbiEIRcDfl99gsqlAg3tuMT32gfGHMznUb/HOt6/NPofgDF7oquQnE/ztdhJaO1YZTNJ1XbhFyUe0tUBHmxdcxx6JIKmLBaXzsQy8n8osyCUZm4vDgJA7KH8G/TXmU8GN4NCo3Z+cJAm5HKImLRRK0oOzZd8p9ZYhwjHwOhzPILVK49QVhvspb66cdZAPTRb30TSHM4GGbcQYDRxAQcIKHHWZDsUJbE4oCt7brVWjAvoU2TYO1Wh0VZLkWQqGtt1urttgujfF3ssrkF3WsBjvjXlTYS7cgXXdNFRKUG+C6ajwW4YpcsUHCVY1vRJ/4A24yUUiKiZxVEzMoCrDbi13dCVVoweECqzoOUPCIWXHWYOpo9f0BrHKMfs4/yaSx8G5LXWYZps5103CtbVDe9TehbpumyUudKNhg29RN22iW+ZJ1dNswuG4wqFDBKlThu67zjjgmJa0QuopmK/7+uAqyIPlFHetCyl+5VVnmRHE6TuMkd9BxJyGwM6VZluTVMZEEUZqmcZRXMzlRNoZHIr9o+3mSQSsvTpBICcrxqub3VKtyf5Nb/z7/7NeWcKy2rC26//C5/xwKe2Vv6d37JfSzwKo8dP8+2j8CufiUSCQSiUQikUgkEolEIpFIJBKJRCKRSCQSiUQi+Z/zF8ADo0PT0IKkAAAAAElFTkSuQmCC\r\n'),
(19, 'Globus Bank Limited', 'data:image/png;base64,iVBORw0KGgoAAAANSUhEUgAAAJcAAACRCAMAAAD5GNpWAAAAw1BMVEX///8eN23///35+fv8//8XM2seOGzubwAfNm7tbADqbwDpbAAAJGMAKWQAKGYAJGUAGl5MW4NHU34AIWQAAFns7vENLWg1SXo2Snj07+LqZgD5+/bi5OnX2uHyyKnsgTN/h6UuQXTvtZS8ws3pcw4AElyCjKTtroOiqrvvzq704M/1v6Hreyn3z7T56djzto7qh0XtWwDsklrrjk9ZZY51gJezuMdseJtrdZGOmKwACFlfbIybobfKzdrtpnnuoGz42cRwokkYAAAGdUlEQVR4nO2Xi3KCOBSGkxAiWggKBS+AluKFVdu6VVEqaN//qfYE8FK1O7Mzu9POTr5OHQMh+fnPyUlESCKRSCQSiUQikUgkEolEIpFIJBKJRCKRSCQSiURyDUF/TOlPi7gDQbN59zcKoy/1wetPi7iFEPJWX/xCx2iXzmrgGPlpIVfQ2Qw91we/zjE6+7OPnmu/LsfI67zRp8KxXxPJUgjtDnp99NYYdO/2IefP8zXy5VLV5+vA5Lp9Neb3LpTDw990MJwVjtE7ncntNSIeurhxdwpyLeRSZTnCd7o8jyDP8xDqznsz+lZb3MsxxQkC37m65ge+r1y2fd+hl7cD/7K/438ZQjQV9B3d90Gf9hfLrrf3XoVjs97NqvSfVlYnDNuddV7ZQpCSbIpr1i52xIs7ycpqQ5fWNhKTkWBthSzsrJJqapJsy/vjSAGblHhliadXaXBPFX1d9J5pH2q99/6w9MCxfuHYV2FpUy1xP8bVNEl75FbXbBiZxjr0waJtuGCSsx4ZooHV0a6wyN+NXFx2Z/BWQXgccrS9VUVQd1F7pi+NOciqLRrv4FhjhmZiVV4EXrFMruKQuSpj9rhIxsx2GQMJrsv5DrqsdbinctE2noonoIU7oatq5ka42zE0eB5rrtFMEchyxX2GXcOI7rpVL93qLut7b9JbCMdeoI592ZJyK00gFZyo5WL8CFFDMccYm1YWRUlqxYikTYY1u1W2E6SsDE3FEF8ahRp7hODHNvTPAsfPs06AyFpnahj7jh+lLedWV3cAbvWFW8uHiYfIvl46RoVj56WiHB9VXMz0GF5XVzHmaRlSRUER18C8KpMge1Ibqywv1lvSZHyN0BaC2CpzE+4roYp5Vo7pXK9IUrn1sAC3Gntx25s0lt7r8AEKrFiVt2t4y5kLgdy47DSuoC0ClJyaDpjjHqflIIgUutqnSqEwFbt38qqK4qFQ0YBq+rAoq6k3qL+h/lCkW/1w0VXxozhLs2SlCl0B07BqnWXnOiTK+tw7thnGvlLgq5pqOSiDwLut6FjkdgbGxu7uSgQgqSb0ZTifeof6wROyDg/vFPx6ofvG8pxhTtYym7Zp203ILyNFiUiW+KiLiEnZ6Ji+UKZ3EGXcqsDgl4IcDI+6zU0lJYdVgzkfO/fqqofAlYn3OZx/eoceCCvkfc6HL2hSX0DzaEfbdLHBVYbFfGaCUh2SPD8NSdYw5+icvo4F3VRe4EIxcXfQ1V9xVdNcnhXFDeUhGKhxLbkWVb5pd9GbiDIxLYSJ/+nw4ZPu60uIa+VXAHJUe53keR4JYwK0hjGhaB39UrZC17ly+x14hbDd7gDw2Q7HoquSYVNjeDSuxI+b5WK5u8NBKB/23ktjOKWH2qBRukUn9aV3NvhJx4zlxR7qNAsBY7jSjE66KOgSci91NXOknKBFeJHyBMsFnzr6Ww5pipX7O2R3WTlGDr13Oh32hFvvUCRO2dUBu7bl9p6DLl7mtbs6v9xYLM9xeQAo4qgyO0EX+zkRoKJoYCNGx3PIk6vhj/vJTyjsP+DYcDj1nsGt+bVbiEIRcDfl99gsqlAg3tuMT32gfGHMznUb/HOt6/NPofgDF7oquQnE/ztdhJaO1YZTNJ1XbhFyUe0tUBHmxdcxx6JIKmLBaXzsQy8n8osyCUZm4vDgJA7KH8G/TXmU8GN4NCo3Z+cJAm5HKImLRRK0oOzZd8p9ZYhwjHwOhzPILVK49QVhvspb66cdZAPTRb30TSHM4GGbcQYDRxAQcIKHHWZDsUJbE4oCt7brVWjAvoU2TYO1Wh0VZLkWQqGtt1urttgujfF3ssrkF3WsBjvjXlTYS7cgXXdNFRKUG+C6ajwW4YpcsUHCVY1vRJ/4A24yUUiKiZxVEzMoCrDbi13dCVVoweECqzoOUPCIWXHWYOpo9f0BrHKMfs4/yaSx8G5LXWYZps5103CtbVDe9TehbpumyUudKNhg29RN22iW+ZJ1dNswuG4wqFDBKlThu67zjjgmJa0QuopmK/7+uAqyIPlFHetCyl+5VVnmRHE6TuMkd9BxJyGwM6VZluTVMZEEUZqmcZRXMzlRNoZHIr9o+3mSQSsvTpBICcrxqub3VKtyf5Nb/z7/7NeWcKy2rC26//C5/xwKe2Vv6d37JfSzwKo8dP8+2j8CufiUSCQSiUQikUgkEolEIpFIJBKJRCKRSCQSiUQi+Z/zF8ADo0PT0IKkAAAAAElFTkSuQmCC');
INSERT INTO `banks` (`id`, `name`, `logo`) VALUES
(20, 'SunTrust Bank Nigeria Limited', 'data:image/png;base64,iVBORw0KGgoAAAANSUhEUgAAAJcAAACRCAMAAAD5GNpWAAAAw1BMVEX///8eN23///35+fv8//8XM2seOGzubwAfNm7tbADqbwDpbAAAJGMAKWQAKGYAJGUAGl5MW4NHU34AIWQAAFns7vENLWg1SXo2Snj07+LqZgD5+/bi5OnX2uHyyKnsgTN/h6UuQXTvtZS8ws3pcw4AElyCjKTtroOiqrvvzq704M/1v6Hreyn3z7T56djzto7qh0XtWwDsklrrjk9ZZY51gJezuMdseJtrdZGOmKwACFlfbIybobfKzdrtpnnuoGz42cRwokkYAAAGdUlEQVR4nO2Xi3KCOBSGkxAiWggKBS+AluKFVdu6VVEqaN//qfYE8FK1O7Mzu9POTr5OHQMh+fnPyUlESCKRSCQSiUQikUgkEolEIpFIJBKJRCKRSCQSiURyDUF/TOlPi7gDQbN59zcKoy/1wetPi7iFEPJWX/xCx2iXzmrgGPlpIVfQ2Qw91we/zjE6+7OPnmu/LsfI67zRp8KxXxPJUgjtDnp99NYYdO/2IefP8zXy5VLV5+vA5Lp9Neb3LpTDw990MJwVjtE7ncntNSIeurhxdwpyLeRSZTnCd7o8jyDP8xDqznsz+lZb3MsxxQkC37m65ge+r1y2fd+hl7cD/7K/438ZQjQV9B3d90Gf9hfLrrf3XoVjs97NqvSfVlYnDNuddV7ZQpCSbIpr1i52xIs7ycpqQ5fWNhKTkWBthSzsrJJqapJsy/vjSAGblHhliadXaXBPFX1d9J5pH2q99/6w9MCxfuHYV2FpUy1xP8bVNEl75FbXbBiZxjr0waJtuGCSsx4ZooHV0a6wyN+NXFx2Z/BWQXgccrS9VUVQd1F7pi+NOciqLRrv4FhjhmZiVV4EXrFMruKQuSpj9rhIxsx2GQMJrsv5DrqsdbinctE2noonoIU7oatq5ka42zE0eB5rrtFMEchyxX2GXcOI7rpVL93qLut7b9JbCMdeoI592ZJyK00gFZyo5WL8CFFDMccYm1YWRUlqxYikTYY1u1W2E6SsDE3FEF8ahRp7hODHNvTPAsfPs06AyFpnahj7jh+lLedWV3cAbvWFW8uHiYfIvl46RoVj56WiHB9VXMz0GF5XVzHmaRlSRUER18C8KpMge1Ibqywv1lvSZHyN0BaC2CpzE+4roYp5Vo7pXK9IUrn1sAC3Gntx25s0lt7r8AEKrFiVt2t4y5kLgdy47DSuoC0ClJyaDpjjHqflIIgUutqnSqEwFbt38qqK4qFQ0YBq+rAoq6k3qL+h/lCkW/1w0VXxozhLs2SlCl0B07BqnWXnOiTK+tw7thnGvlLgq5pqOSiDwLut6FjkdgbGxu7uSgQgqSb0ZTifeof6wROyDg/vFPx6ofvG8pxhTtYym7Zp203ILyNFiUiW+KiLiEnZ6Ji+UKZ3EGXcqsDgl4IcDI+6zU0lJYdVgzkfO/fqqofAlYn3OZx/eoceCCvkfc6HL2hSX0DzaEfbdLHBVYbFfGaCUh2SPD8NSdYw5+icvo4F3VRe4EIxcXfQ1V9xVdNcnhXFDeUhGKhxLbkWVb5pd9GbiDIxLYSJ/+nw4ZPu60uIa+VXAHJUe53keR4JYwK0hjGhaB39UrZC17ly+x14hbDd7gDw2Q7HoquSYVNjeDSuxI+b5WK5u8NBKB/23ktjOKWH2qBRukUn9aV3NvhJx4zlxR7qNAsBY7jSjE66KOgSci91NXOknKBFeJHyBMsFnzr6Ww5pipX7O2R3WTlGDr13Oh32hFvvUCRO2dUBu7bl9p6DLl7mtbs6v9xYLM9xeQAo4qgyO0EX+zkRoKJoYCNGx3PIk6vhj/vJTyjsP+DYcDj1nsGt+bVbiEIRcDfl99gsqlAg3tuMT32gfGHMznUb/HOt6/NPofgDF7oquQnE/ztdhJaO1YZTNJ1XbhFyUe0tUBHmxdcxx6JIKmLBaXzsQy8n8osyCUZm4vDgJA7KH8G/TXmU8GN4NCo3Z+cJAm5HKImLRRK0oOzZd8p9ZYhwjHwOhzPILVK49QVhvspb66cdZAPTRb30TSHM4GGbcQYDRxAQcIKHHWZDsUJbE4oCt7brVWjAvoU2TYO1Wh0VZLkWQqGtt1urttgujfF3ssrkF3WsBjvjXlTYS7cgXXdNFRKUG+C6ajwW4YpcsUHCVY1vRJ/4A24yUUiKiZxVEzMoCrDbi13dCVVoweECqzoOUPCIWXHWYOpo9f0BrHKMfs4/yaSx8G5LXWYZps5103CtbVDe9TehbpumyUudKNhg29RN22iW+ZJ1dNswuG4wqFDBKlThu67zjjgmJa0QuopmK/7+uAqyIPlFHetCyl+5VVnmRHE6TuMkd9BxJyGwM6VZluTVMZEEUZqmcZRXMzlRNoZHIr9o+3mSQSsvTpBICcrxqub3VKtyf5Nb/z7/7NeWcKy2rC26//C5/xwKe2Vv6d37JfSzwKo8dP8+2j8CufiUSCQSiUQikUgkEolEIpFIJBKJRCKRSCQSiUQi+Z/zF8ADo0PT0IKkAAAAAElFTkSuQmCC'),
(21, 'Providus Bank Limited', 'data:image/png;base64,iVBORw0KGgoAAAANSUhEUgAAAJcAAACRCAMAAAD5GNpWAAAAw1BMVEX///8eN23///35+fv8//8XM2seOGzubwAfNm7tbADqbwDpbAAAJGMAKWQAKGYAJGUAGl5MW4NHU34AIWQAAFns7vENLWg1SXo2Snj07+LqZgD5+/bi5OnX2uHyyKnsgTN/h6UuQXTvtZS8ws3pcw4AElyCjKTtroOiqrvvzq704M/1v6Hreyn3z7T56djzto7qh0XtWwDsklrrjk9ZZY51gJezuMdseJtrdZGOmKwACFlfbIybobfKzdrtpnnuoGz42cRwokkYAAAGdUlEQVR4nO2Xi3KCOBSGkxAiWggKBS+AluKFVdu6VVEqaN//qfYE8FK1O7Mzu9POTr5OHQMh+fnPyUlESCKRSCQSiUQikUgkEolEIpFIJBKJRCKRSCQSiURyDUF/TOlPi7gDQbN59zcKoy/1wetPi7iFEPJWX/xCx2iXzmrgGPlpIVfQ2Qw91we/zjE6+7OPnmu/LsfI67zRp8KxXxPJUgjtDnp99NYYdO/2IefP8zXy5VLV5+vA5Lp9Neb3LpTDw990MJwVjtE7ncntNSIeurhxdwpyLeRSZTnCd7o8jyDP8xDqznsz+lZb3MsxxQkC37m65ge+r1y2fd+hl7cD/7K/438ZQjQV9B3d90Gf9hfLrrf3XoVjs97NqvSfVlYnDNuddV7ZQpCSbIpr1i52xIs7ycpqQ5fWNhKTkWBthSzsrJJqapJsy/vjSAGblHhliadXaXBPFX1d9J5pH2q99/6w9MCxfuHYV2FpUy1xP8bVNEl75FbXbBiZxjr0waJtuGCSsx4ZooHV0a6wyN+NXFx2Z/BWQXgccrS9VUVQd1F7pi+NOciqLRrv4FhjhmZiVV4EXrFMruKQuSpj9rhIxsx2GQMJrsv5DrqsdbinctE2noonoIU7oatq5ka42zE0eB5rrtFMEchyxX2GXcOI7rpVL93qLut7b9JbCMdeoI592ZJyK00gFZyo5WL8CFFDMccYm1YWRUlqxYikTYY1u1W2E6SsDE3FEF8ahRp7hODHNvTPAsfPs06AyFpnahj7jh+lLedWV3cAbvWFW8uHiYfIvl46RoVj56WiHB9VXMz0GF5XVzHmaRlSRUER18C8KpMge1Ibqywv1lvSZHyN0BaC2CpzE+4roYp5Vo7pXK9IUrn1sAC3Gntx25s0lt7r8AEKrFiVt2t4y5kLgdy47DSuoC0ClJyaDpjjHqflIIgUutqnSqEwFbt38qqK4qFQ0YBq+rAoq6k3qL+h/lCkW/1w0VXxozhLs2SlCl0B07BqnWXnOiTK+tw7thnGvlLgq5pqOSiDwLut6FjkdgbGxu7uSgQgqSb0ZTifeof6wROyDg/vFPx6ofvG8pxhTtYym7Zp203ILyNFiUiW+KiLiEnZ6Ji+UKZ3EGXcqsDgl4IcDI+6zU0lJYdVgzkfO/fqqofAlYn3OZx/eoceCCvkfc6HL2hSX0DzaEfbdLHBVYbFfGaCUh2SPD8NSdYw5+icvo4F3VRe4EIxcXfQ1V9xVdNcnhXFDeUhGKhxLbkWVb5pd9GbiDIxLYSJ/+nw4ZPu60uIa+VXAHJUe53keR4JYwK0hjGhaB39UrZC17ly+x14hbDd7gDw2Q7HoquSYVNjeDSuxI+b5WK5u8NBKB/23ktjOKWH2qBRukUn9aV3NvhJx4zlxR7qNAsBY7jSjE66KOgSci91NXOknKBFeJHyBMsFnzr6Ww5pipX7O2R3WTlGDr13Oh32hFvvUCRO2dUBu7bl9p6DLl7mtbs6v9xYLM9xeQAo4qgyO0EX+zkRoKJoYCNGx3PIk6vhj/vJTyjsP+DYcDj1nsGt+bVbiEIRcDfl99gsqlAg3tuMT32gfGHMznUb/HOt6/NPofgDF7oquQnE/ztdhJaO1YZTNJ1XbhFyUe0tUBHmxdcxx6JIKmLBaXzsQy8n8osyCUZm4vDgJA7KH8G/TXmU8GN4NCo3Z+cJAm5HKImLRRK0oOzZd8p9ZYhwjHwOhzPILVK49QVhvspb66cdZAPTRb30TSHM4GGbcQYDRxAQcIKHHWZDsUJbE4oCt7brVWjAvoU2TYO1Wh0VZLkWQqGtt1urttgujfF3ssrkF3WsBjvjXlTYS7cgXXdNFRKUG+C6ajwW4YpcsUHCVY1vRJ/4A24yUUiKiZxVEzMoCrDbi13dCVVoweECqzoOUPCIWXHWYOpo9f0BrHKMfs4/yaSx8G5LXWYZps5103CtbVDe9TehbpumyUudKNhg29RN22iW+ZJ1dNswuG4wqFDBKlThu67zjjgmJa0QuopmK/7+uAqyIPlFHetCyl+5VVnmRHE6TuMkd9BxJyGwM6VZluTVMZEEUZqmcZRXMzlRNoZHIr9o+3mSQSsvTpBICcrxqub3VKtyf5Nb/z7/7NeWcKy2rC26//C5/xwKe2Vv6d37JfSzwKo8dP8+2j8CufiUSCQSiUQikUgkEolEIpFIJBKJRCKRSCQSiUQi+Z/zF8ADo0PT0IKkAAAAAElFTkSuQmCC'),
(22, 'Jaiz Bank Plc', 'data:image/png;base64,iVBORw0KGgoAAAANSUhEUgAAAJcAAACRCAMAAAD5GNpWAAAAw1BMVEX///8eN23///35+fv8//8XM2seOGzubwAfNm7tbADqbwDpbAAAJGMAKWQAKGYAJGUAGl5MW4NHU34AIWQAAFns7vENLWg1SXo2Snj07+LqZgD5+/bi5OnX2uHyyKnsgTN/h6UuQXTvtZS8ws3pcw4AElyCjKTtroOiqrvvzq704M/1v6Hreyn3z7T56djzto7qh0XtWwDsklrrjk9ZZY51gJezuMdseJtrdZGOmKwACFlfbIybobfKzdrtpnnuoGz42cRwokkYAAAGdUlEQVR4nO2Xi3KCOBSGkxAiWggKBS+AluKFVdu6VVEqaN//qfYE8FK1O7Mzu9POTr5OHQMh+fnPyUlESCKRSCQSiUQikUgkEolEIpFIJBKJRCKRSCQSiURyDUF/TOlPi7gDQbN59zcKoy/1wetPi7iFEPJWX/xCx2iXzmrgGPlpIVfQ2Qw91we/zjE6+7OPnmu/LsfI67zRp8KxXxPJUgjtDnp99NYYdO/2IefP8zXy5VLV5+vA5Lp9Neb3LpTDw990MJwVjtE7ncntNSIeurhxdwpyLeRSZTnCd7o8jyDP8xDqznsz+lZb3MsxxQkC37m65ge+r1y2fd+hl7cD/7K/438ZQjQV9B3d90Gf9hfLrrf3XoVjs97NqvSfVlYnDNuddV7ZQpCSbIpr1i52xIs7ycpqQ5fWNhKTkWBthSzsrJJqapJsy/vjSAGblHhliadXaXBPFX1d9J5pH2q99/6w9MCxfuHYV2FpUy1xP8bVNEl75FbXbBiZxjr0waJtuGCSsx4ZooHV0a6wyN+NXFx2Z/BWQXgccrS9VUVQd1F7pi+NOciqLRrv4FhjhmZiVV4EXrFMruKQuSpj9rhIxsx2GQMJrsv5DrqsdbinctE2noonoIU7oatq5ka42zE0eB5rrtFMEchyxX2GXcOI7rpVL93qLut7b9JbCMdeoI592ZJyK00gFZyo5WL8CFFDMccYm1YWRUlqxYikTYY1u1W2E6SsDE3FEF8ahRp7hODHNvTPAsfPs06AyFpnahj7jh+lLedWV3cAbvWFW8uHiYfIvl46RoVj56WiHB9VXMz0GF5XVzHmaRlSRUER18C8KpMge1Ibqywv1lvSZHyN0BaC2CpzE+4roYp5Vo7pXK9IUrn1sAC3Gntx25s0lt7r8AEKrFiVt2t4y5kLgdy47DSuoC0ClJyaDpjjHqflIIgUutqnSqEwFbt38qqK4qFQ0YBq+rAoq6k3qL+h/lCkW/1w0VXxozhLs2SlCl0B07BqnWXnOiTK+tw7thnGvlLgq5pqOSiDwLut6FjkdgbGxu7uSgQgqSb0ZTifeof6wROyDg/vFPx6ofvG8pxhTtYym7Zp203ILyNFiUiW+KiLiEnZ6Ji+UKZ3EGXcqsDgl4IcDI+6zU0lJYdVgzkfO/fqqofAlYn3OZx/eoceCCvkfc6HL2hSX0DzaEfbdLHBVYbFfGaCUh2SPD8NSdYw5+icvo4F3VRe4EIxcXfQ1V9xVdNcnhXFDeUhGKhxLbkWVb5pd9GbiDIxLYSJ/+nw4ZPu60uIa+VXAHJUe53keR4JYwK0hjGhaB39UrZC17ly+x14hbDd7gDw2Q7HoquSYVNjeDSuxI+b5WK5u8NBKB/23ktjOKWH2qBRukUn9aV3NvhJx4zlxR7qNAsBY7jSjE66KOgSci91NXOknKBFeJHyBMsFnzr6Ww5pipX7O2R3WTlGDr13Oh32hFvvUCRO2dUBu7bl9p6DLl7mtbs6v9xYLM9xeQAo4qgyO0EX+zkRoKJoYCNGx3PIk6vhj/vJTyjsP+DYcDj1nsGt+bVbiEIRcDfl99gsqlAg3tuMT32gfGHMznUb/HOt6/NPofgDF7oquQnE/ztdhJaO1YZTNJ1XbhFyUe0tUBHmxdcxx6JIKmLBaXzsQy8n8osyCUZm4vDgJA7KH8G/TXmU8GN4NCo3Z+cJAm5HKImLRRK0oOzZd8p9ZYhwjHwOhzPILVK49QVhvspb66cdZAPTRb30TSHM4GGbcQYDRxAQcIKHHWZDsUJbE4oCt7brVWjAvoU2TYO1Wh0VZLkWQqGtt1urttgujfF3ssrkF3WsBjvjXlTYS7cgXXdNFRKUG+C6ajwW4YpcsUHCVY1vRJ/4A24yUUiKiZxVEzMoCrDbi13dCVVoweECqzoOUPCIWXHWYOpo9f0BrHKMfs4/yaSx8G5LXWYZps5103CtbVDe9TehbpumyUudKNhg29RN22iW+ZJ1dNswuG4wqFDBKlThu67zjjgmJa0QuopmK/7+uAqyIPlFHetCyl+5VVnmRHE6TuMkd9BxJyGwM6VZluTVMZEEUZqmcZRXMzlRNoZHIr9o+3mSQSsvTpBICcrxqub3VKtyf5Nb/z7/7NeWcKy2rC26//C5/xwKe2Vv6d37JfSzwKo8dP8+2j8CufiUSCQSiUQikUgkEolEIpFIJBKJRCKRSCQSiUQi+Z/zF8ADo0PT0IKkAAAAAElFTkSuQmCC'),
(23, 'TAJBank Limited', 'data:image/png;base64,iVBORw0KGgoAAAANSUhEUgAAAJcAAACRCAMAAAD5GNpWAAAAw1BMVEX///8eN23///35+fv8//8XM2seOGzubwAfNm7tbADqbwDpbAAAJGMAKWQAKGYAJGUAGl5MW4NHU34AIWQAAFns7vENLWg1SXo2Snj07+LqZgD5+/bi5OnX2uHyyKnsgTN/h6UuQXTvtZS8ws3pcw4AElyCjKTtroOiqrvvzq704M/1v6Hreyn3z7T56djzto7qh0XtWwDsklrrjk9ZZY51gJezuMdseJtrdZGOmKwACFlfbIybobfKzdrtpnnuoGz42cRwokkYAAAGdUlEQVR4nO2Xi3KCOBSGkxAiWggKBS+AluKFVdu6VVEqaN//qfYE8FK1O7Mzu9POTr5OHQMh+fnPyUlESCKRSCQSiUQikUgkEolEIpFIJBKJRCKRSCQSiURyDUF/TOlPi7gDQbN59zcKoy/1wetPi7iFEPJWX/xCx2iXzmrgGPlpIVfQ2Qw91we/zjE6+7OPnmu/LsfI67zRp8KxXxPJUgjtDnp99NYYdO/2IefP8zXy5VLV5+vA5Lp9Neb3LpTDw990MJwVjtE7ncntNSIeurhxdwpyLeRSZTnCd7o8jyDP8xDqznsz+lZb3MsxxQkC37m65ge+r1y2fd+hl7cD/7K/438ZQjQV9B3d90Gf9hfLrrf3XoVjs97NqvSfVlYnDNuddV7ZQpCSbIpr1i52xIs7ycpqQ5fWNhKTkWBthSzsrJJqapJsy/vjSAGblHhliadXaXBPFX1d9J5pH2q99/6w9MCxfuHYV2FpUy1xP8bVNEl75FbXbBiZxjr0waJtuGCSsx4ZooHV0a6wyN+NXFx2Z/BWQXgccrS9VUVQd1F7pi+NOciqLRrv4FhjhmZiVV4EXrFMruKQuSpj9rhIxsx2GQMJrsv5DrqsdbinctE2noonoIU7oatq5ka42zE0eB5rrtFMEchyxX2GXcOI7rpVL93qLut7b9JbCMdeoI592ZJyK00gFZyo5WL8CFFDMccYm1YWRUlqxYikTYY1u1W2E6SsDE3FEF8ahRp7hODHNvTPAsfPs06AyFpnahj7jh+lLedWV3cAbvWFW8uHiYfIvl46RoVj56WiHB9VXMz0GF5XVzHmaRlSRUER18C8KpMge1Ibqywv1lvSZHyN0BaC2CpzE+4roYp5Vo7pXK9IUrn1sAC3Gntx25s0lt7r8AEKrFiVt2t4y5kLgdy47DSuoC0ClJyaDpjjHqflIIgUutqnSqEwFbt38qqK4qFQ0YBq+rAoq6k3qL+h/lCkW/1w0VXxozhLs2SlCl0B07BqnWXnOiTK+tw7thnGvlLgq5pqOSiDwLut6FjkdgbGxu7uSgQgqSb0ZTifeof6wROyDg/vFPx6ofvG8pxhTtYym7Zp203ILyNFiUiW+KiLiEnZ6Ji+UKZ3EGXcqsDgl4IcDI+6zU0lJYdVgzkfO/fqqofAlYn3OZx/eoceCCvkfc6HL2hSX0DzaEfbdLHBVYbFfGaCUh2SPD8NSdYw5+icvo4F3VRe4EIxcXfQ1V9xVdNcnhXFDeUhGKhxLbkWVb5pd9GbiDIxLYSJ/+nw4ZPu60uIa+VXAHJUe53keR4JYwK0hjGhaB39UrZC17ly+x14hbDd7gDw2Q7HoquSYVNjeDSuxI+b5WK5u8NBKB/23ktjOKWH2qBRukUn9aV3NvhJx4zlxR7qNAsBY7jSjE66KOgSci91NXOknKBFeJHyBMsFnzr6Ww5pipX7O2R3WTlGDr13Oh32hFvvUCRO2dUBu7bl9p6DLl7mtbs6v9xYLM9xeQAo4qgyO0EX+zkRoKJoYCNGx3PIk6vhj/vJTyjsP+DYcDj1nsGt+bVbiEIRcDfl99gsqlAg3tuMT32gfGHMznUb/HOt6/NPofgDF7oquQnE/ztdhJaO1YZTNJ1XbhFyUe0tUBHmxdcxx6JIKmLBaXzsQy8n8osyCUZm4vDgJA7KH8G/TXmU8GN4NCo3Z+cJAm5HKImLRRK0oOzZd8p9ZYhwjHwOhzPILVK49QVhvspb66cdZAPTRb30TSHM4GGbcQYDRxAQcIKHHWZDsUJbE4oCt7brVWjAvoU2TYO1Wh0VZLkWQqGtt1urttgujfF3ssrkF3WsBjvjXlTYS7cgXXdNFRKUG+C6ajwW4YpcsUHCVY1vRJ/4A24yUUiKiZxVEzMoCrDbi13dCVVoweECqzoOUPCIWXHWYOpo9f0BrHKMfs4/yaSx8G5LXWYZps5103CtbVDe9TehbpumyUudKNhg29RN22iW+ZJ1dNswuG4wqFDBKlThu67zjjgmJa0QuopmK/7+uAqyIPlFHetCyl+5VVnmRHE6TuMkd9BxJyGwM6VZluTVMZEEUZqmcZRXMzlRNoZHIr9o+3mSQSsvTpBICcrxqub3VKtyf5Nb/z7/7NeWcKy2rC26//C5/xwKe2Vv6d37JfSzwKo8dP8+2j8CufiUSCQSiUQikUgkEolEIpFIJBKJRCKRSCQSiUQi+Z/zF8ADo0PT0IKkAAAAAElFTkSuQmCC'),
(24, 'Mutual Trust Microfinance Bank', 'data:image/png;base64,iVBORw0KGgoAAAANSUhEUgAAAJcAAACRCAMAAAD5GNpWAAAAw1BMVEX///8eN23///35+fv8//8XM2seOGzubwAfNm7tbADqbwDpbAAAJGMAKWQAKGYAJGUAGl5MW4NHU34AIWQAAFns7vENLWg1SXo2Snj07+LqZgD5+/bi5OnX2uHyyKnsgTN/h6UuQXTvtZS8ws3pcw4AElyCjKTtroOiqrvvzq704M/1v6Hreyn3z7T56djzto7qh0XtWwDsklrrjk9ZZY51gJezuMdseJtrdZGOmKwACFlfbIybobfKzdrtpnnuoGz42cRwokkYAAAGdUlEQVR4nO2Xi3KCOBSGkxAiWggKBS+AluKFVdu6VVEqaN//qfYE8FK1O7Mzu9POTr5OHQMh+fnPyUlESCKRSCQSiUQikUgkEolEIpFIJBKJRCKRSCQSiURyDUF/TOlPi7gDQbN59zcKoy/1wetPi7iFEPJWX/xCx2iXzmrgGPlpIVfQ2Qw91we/zjE6+7OPnmu/LsfI67zRp8KxXxPJUgjtDnp99NYYdO/2IefP8zXy5VLV5+vA5Lp9Neb3LpTDw990MJwVjtE7ncntNSIeurhxdwpyLeRSZTnCd7o8jyDP8xDqznsz+lZb3MsxxQkC37m65ge+r1y2fd+hl7cD/7K/438ZQjQV9B3d90Gf9hfLrrf3XoVjs97NqvSfVlYnDNuddV7ZQpCSbIpr1i52xIs7ycpqQ5fWNhKTkWBthSzsrJJqapJsy/vjSAGblHhliadXaXBPFX1d9J5pH2q99/6w9MCxfuHYV2FpUy1xP8bVNEl75FbXbBiZxjr0waJtuGCSsx4ZooHV0a6wyN+NXFx2Z/BWQXgccrS9VUVQd1F7pi+NOciqLRrv4FhjhmZiVV4EXrFMruKQuSpj9rhIxsx2GQMJrsv5DrqsdbinctE2noonoIU7oatq5ka42zE0eB5rrtFMEchyxX2GXcOI7rpVL93qLut7b9JbCMdeoI592ZJyK00gFZyo5WL8CFFDMccYm1YWRUlqxYikTYY1u1W2E6SsDE3FEF8ahRp7hODHNvTPAsfPs06AyFpnahj7jh+lLedWV3cAbvWFW8uHiYfIvl46RoVj56WiHB9VXMz0GF5XVzHmaRlSRUER18C8KpMge1Ibqywv1lvSZHyN0BaC2CpzE+4roYp5Vo7pXK9IUrn1sAC3Gntx25s0lt7r8AEKrFiVt2t4y5kLgdy47DSuoC0ClJyaDpjjHqflIIgUutqnSqEwFbt38qqK4qFQ0YBq+rAoq6k3qL+h/lCkW/1w0VXxozhLs2SlCl0B07BqnWXnOiTK+tw7thnGvlLgq5pqOSiDwLut6FjkdgbGxu7uSgQgqSb0ZTifeof6wROyDg/vFPx6ofvG8pxhTtYym7Zp203ILyNFiUiW+KiLiEnZ6Ji+UKZ3EGXcqsDgl4IcDI+6zU0lJYdVgzkfO/fqqofAlYn3OZx/eoceCCvkfc6HL2hSX0DzaEfbdLHBVYbFfGaCUh2SPD8NSdYw5+icvo4F3VRe4EIxcXfQ1V9xVdNcnhXFDeUhGKhxLbkWVb5pd9GbiDIxLYSJ/+nw4ZPu60uIa+VXAHJUe53keR4JYwK0hjGhaB39UrZC17ly+x14hbDd7gDw2Q7HoquSYVNjeDSuxI+b5WK5u8NBKB/23ktjOKWH2qBRukUn9aV3NvhJx4zlxR7qNAsBY7jSjE66KOgSci91NXOknKBFeJHyBMsFnzr6Ww5pipX7O2R3WTlGDr13Oh32hFvvUCRO2dUBu7bl9p6DLl7mtbs6v9xYLM9xeQAo4qgyO0EX+zkRoKJoYCNGx3PIk6vhj/vJTyjsP+DYcDj1nsGt+bVbiEIRcDfl99gsqlAg3tuMT32gfGHMznUb/HOt6/NPofgDF7oquQnE/ztdhJaO1YZTNJ1XbhFyUe0tUBHmxdcxx6JIKmLBaXzsQy8n8osyCUZm4vDgJA7KH8G/TXmU8GN4NCo3Z+cJAm5HKImLRRK0oOzZd8p9ZYhwjHwOhzPILVK49QVhvspb66cdZAPTRb30TSHM4GGbcQYDRxAQcIKHHWZDsUJbE4oCt7brVWjAvoU2TYO1Wh0VZLkWQqGtt1urttgujfF3ssrkF3WsBjvjXlTYS7cgXXdNFRKUG+C6ajwW4YpcsUHCVY1vRJ/4A24yUUiKiZxVEzMoCrDbi13dCVVoweECqzoOUPCIWXHWYOpo9f0BrHKMfs4/yaSx8G5LXWYZps5103CtbVDe9TehbpumyUudKNhg29RN22iW+ZJ1dNswuG4wqFDBKlThu67zjjgmJa0QuopmK/7+uAqyIPlFHetCyl+5VVnmRHE6TuMkd9BxJyGwM6VZluTVMZEEUZqmcZRXMzlRNoZHIr9o+3mSQSsvTpBICcrxqub3VKtyf5Nb/z7/7NeWcKy2rC26//C5/xwKe2Vv6d37JfSzwKo8dP8+2j8CufiUSCQSiUQikUgkEolEIpFIJBKJRCKRSCQSiUQi+Z/zF8ADo0PT0IKkAAAAAElFTkSuQmCC'),
(25, 'Finca Microfinance Bank Limited', 'data:image/png;base64,iVBORw0KGgoAAAANSUhEUgAAAJcAAACRCAMAAAD5GNpWAAAAw1BMVEX///8eN23///35+fv8//8XM2seOGzubwAfNm7tbADqbwDpbAAAJGMAKWQAKGYAJGUAGl5MW4NHU34AIWQAAFns7vENLWg1SXo2Snj07+LqZgD5+/bi5OnX2uHyyKnsgTN/h6UuQXTvtZS8ws3pcw4AElyCjKTtroOiqrvvzq704M/1v6Hreyn3z7T56djzto7qh0XtWwDsklrrjk9ZZY51gJezuMdseJtrdZGOmKwACFlfbIybobfKzdrtpnnuoGz42cRwokkYAAAGdUlEQVR4nO2Xi3KCOBSGkxAiWggKBS+AluKFVdu6VVEqaN//qfYE8FK1O7Mzu9POTr5OHQMh+fnPyUlESCKRSCQSiUQikUgkEolEIpFIJBKJRCKRSCQSiURyDUF/TOlPi7gDQbN59zcKoy/1wetPi7iFEPJWX/xCx2iXzmrgGPlpIVfQ2Qw91we/zjE6+7OPnmu/LsfI67zRp8KxXxPJUgjtDnp99NYYdO/2IefP8zXy5VLV5+vA5Lp9Neb3LpTDw990MJwVjtE7ncntNSIeurhxdwpyLeRSZTnCd7o8jyDP8xDqznsz+lZb3MsxxQkC37m65ge+r1y2fd+hl7cD/7K/438ZQjQV9B3d90Gf9hfLrrf3XoVjs97NqvSfVlYnDNuddV7ZQpCSbIpr1i52xIs7ycpqQ5fWNhKTkWBthSzsrJJqapJsy/vjSAGblHhliadXaXBPFX1d9J5pH2q99/6w9MCxfuHYV2FpUy1xP8bVNEl75FbXbBiZxjr0waJtuGCSsx4ZooHV0a6wyN+NXFx2Z/BWQXgccrS9VUVQd1F7pi+NOciqLRrv4FhjhmZiVV4EXrFMruKQuSpj9rhIxsx2GQMJrsv5DrqsdbinctE2noonoIU7oatq5ka42zE0eB5rrtFMEchyxX2GXcOI7rpVL93qLut7b9JbCMdeoI592ZJyK00gFZyo5WL8CFFDMccYm1YWRUlqxYikTYY1u1W2E6SsDE3FEF8ahRp7hODHNvTPAsfPs06AyFpnahj7jh+lLedWV3cAbvWFW8uHiYfIvl46RoVj56WiHB9VXMz0GF5XVzHmaRlSRUER18C8KpMge1Ibqywv1lvSZHyN0BaC2CpzE+4roYp5Vo7pXK9IUrn1sAC3Gntx25s0lt7r8AEKrFiVt2t4y5kLgdy47DSuoC0ClJyaDpjjHqflIIgUutqnSqEwFbt38qqK4qFQ0YBq+rAoq6k3qL+h/lCkW/1w0VXxozhLs2SlCl0B07BqnWXnOiTK+tw7thnGvlLgq5pqOSiDwLut6FjkdgbGxu7uSgQgqSb0ZTifeof6wROyDg/vFPx6ofvG8pxhTtYym7Zp203ILyNFiUiW+KiLiEnZ6Ji+UKZ3EGXcqsDgl4IcDI+6zU0lJYdVgzkfO/fqqofAlYn3OZx/eoceCCvkfc6HL2hSX0DzaEfbdLHBVYbFfGaCUh2SPD8NSdYw5+icvo4F3VRe4EIxcXfQ1V9xVdNcnhXFDeUhGKhxLbkWVb5pd9GbiDIxLYSJ/+nw4ZPu60uIa+VXAHJUe53keR4JYwK0hjGhaB39UrZC17ly+x14hbDd7gDw2Q7HoquSYVNjeDSuxI+b5WK5u8NBKB/23ktjOKWH2qBRukUn9aV3NvhJx4zlxR7qNAsBY7jSjE66KOgSci91NXOknKBFeJHyBMsFnzr6Ww5pipX7O2R3WTlGDr13Oh32hFvvUCRO2dUBu7bl9p6DLl7mtbs6v9xYLM9xeQAo4qgyO0EX+zkRoKJoYCNGx3PIk6vhj/vJTyjsP+DYcDj1nsGt+bVbiEIRcDfl99gsqlAg3tuMT32gfGHMznUb/HOt6/NPofgDF7oquQnE/ztdhJaO1YZTNJ1XbhFyUe0tUBHmxdcxx6JIKmLBaXzsQy8n8osyCUZm4vDgJA7KH8G/TXmU8GN4NCo3Z+cJAm5HKImLRRK0oOzZd8p9ZYhwjHwOhzPILVK49QVhvspb66cdZAPTRb30TSHM4GGbcQYDRxAQcIKHHWZDsUJbE4oCt7brVWjAvoU2TYO1Wh0VZLkWQqGtt1urttgujfF3ssrkF3WsBjvjXlTYS7cgXXdNFRKUG+C6ajwW4YpcsUHCVY1vRJ/4A24yUUiKiZxVEzMoCrDbi13dCVVoweECqzoOUPCIWXHWYOpo9f0BrHKMfs4/yaSx8G5LXWYZps5103CtbVDe9TehbpumyUudKNhg29RN22iW+ZJ1dNswuG4wqFDBKlThu67zjjgmJa0QuopmK/7+uAqyIPlFHetCyl+5VVnmRHE6TuMkd9BxJyGwM6VZluTVMZEEUZqmcZRXMzlRNoZHIr9o+3mSQSsvTpBICcrxqub3VKtyf5Nb/z7/7NeWcKy2rC26//C5/xwKe2Vv6d37JfSzwKo8dP8+2j8CufiUSCQSiUQikUgkEolEIpFIJBKJRCKRSCQSiUQi+Z/zF8ADo0PT0IKkAAAAAElFTkSuQmCC'),
(26, 'Globus Bank Limited', 'data:image/png;base64,iVBORw0KGgoAAAANSUhEUgAAAJcAAACRCAMAAAD5GNpWAAAAw1BMVEX///8eN23///35+fv8//8XM2seOGzubwAfNm7tbADqbwDpbAAAJGMAKWQAKGYAJGUAGl5MW4NHU34AIWQAAFns7vENLWg1SXo2Snj07+LqZgD5+/bi5OnX2uHyyKnsgTN/h6UuQXTvtZS8ws3pcw4AElyCjKTtroOiqrvvzq704M/1v6Hreyn3z7T56djzto7qh0XtWwDsklrrjk9ZZY51gJezuMdseJtrdZGOmKwACFlfbIybobfKzdrtpnnuoGz42cRwokkYAAAGdUlEQVR4nO2Xi3KCOBSGkxAiWggKBS+AluKFVdu6VVEqaN//qfYE8FK1O7Mzu9POTr5OHQMh+fnPyUlESCKRSCQSiUQikUgkEolEIpFIJBKJRCKRSCQSiURyDUF/TOlPi7gDQbN59zcKoy/1wetPi7iFEPJWX/xCx2iXzmrgGPlpIVfQ2Qw91we/zjE6+7OPnmu/LsfI67zRp8KxXxPJUgjtDnp99NYYdO/2IefP8zXy5VLV5+vA5Lp9Neb3LpTDw990MJwVjtE7ncntNSIeurhxdwpyLeRSZTnCd7o8jyDP8xDqznsz+lZb3MsxxQkC37m65ge+r1y2fd+hl7cD/7K/438ZQjQV9B3d90Gf9hfLrrf3XoVjs97NqvSfVlYnDNuddV7ZQpCSbIpr1i52xIs7ycpqQ5fWNhKTkWBthSzsrJJqapJsy/vjSAGblHhliadXaXBPFX1d9J5pH2q99/6w9MCxfuHYV2FpUy1xP8bVNEl75FbXbBiZxjr0waJtuGCSsx4ZooHV0a6wyN+NXFx2Z/BWQXgccrS9VUVQd1F7pi+NOciqLRrv4FhjhmZiVV4EXrFMruKQuSpj9rhIxsx2GQMJrsv5DrqsdbinctE2noonoIU7oatq5ka42zE0eB5rrtFMEchyxX2GXcOI7rpVL93qLut7b9JbCMdeoI592ZJyK00gFZyo5WL8CFFDMccYm1YWRUlqxYikTYY1u1W2E6SsDE3FEF8ahRp7hODHNvTPAsfPs06AyFpnahj7jh+lLedWV3cAbvWFW8uHiYfIvl46RoVj56WiHB9VXMz0GF5XVzHmaRlSRUER18C8KpMge1Ibqywv1lvSZHyN0BaC2CpzE+4roYp5Vo7pXK9IUrn1sAC3Gntx25s0lt7r8AEKrFiVt2t4y5kLgdy47DSuoC0ClJyaDpjjHqflIIgUutqnSqEwFbt38qqK4qFQ0YBq+rAoq6k3qL+h/lCkW/1w0VXxozhLs2SlCl0B07BqnWXnOiTK+tw7thnGvlLgq5pqOSiDwLut6FjkdgbGxu7uSgQgqSb0ZTifeof6wROyDg/vFPx6ofvG8pxhTtYym7Zp203ILyNFiUiW+KiLiEnZ6Ji+UKZ3EGXcqsDgl4IcDI+6zU0lJYdVgzkfO/fqqofAlYn3OZx/eoceCCvkfc6HL2hSX0DzaEfbdLHBVYbFfGaCUh2SPD8NSdYw5+icvo4F3VRe4EIxcXfQ1V9xVdNcnhXFDeUhGKhxLbkWVb5pd9GbiDIxLYSJ/+nw4ZPu60uIa+VXAHJUe53keR4JYwK0hjGhaB39UrZC17ly+x14hbDd7gDw2Q7HoquSYVNjeDSuxI+b5WK5u8NBKB/23ktjOKWH2qBRukUn9aV3NvhJx4zlxR7qNAsBY7jSjE66KOgSci91NXOknKBFeJHyBMsFnzr6Ww5pipX7O2R3WTlGDr13Oh32hFvvUCRO2dUBu7bl9p6DLl7mtbs6v9xYLM9xeQAo4qgyO0EX+zkRoKJoYCNGx3PIk6vhj/vJTyjsP+DYcDj1nsGt+bVbiEIRcDfl99gsqlAg3tuMT32gfGHMznUb/HOt6/NPofgDF7oquQnE/ztdhJaO1YZTNJ1XbhFyUe0tUBHmxdcxx6JIKmLBaXzsQy8n8osyCUZm4vDgJA7KH8G/TXmU8GN4NCo3Z+cJAm5HKImLRRK0oOzZd8p9ZYhwjHwOhzPILVK49QVhvspb66cdZAPTRb30TSHM4GGbcQYDRxAQcIKHHWZDsUJbE4oCt7brVWjAvoU2TYO1Wh0VZLkWQqGtt1urttgujfF3ssrkF3WsBjvjXlTYS7cgXXdNFRKUG+C6ajwW4YpcsUHCVY1vRJ/4A24yUUiKiZxVEzMoCrDbi13dCVVoweECqzoOUPCIWXHWYOpo9f0BrHKMfs4/yaSx8G5LXWYZps5103CtbVDe9TehbpumyUudKNhg29RN22iW+ZJ1dNswuG4wqFDBKlThu67zjjgmJa0QuopmK/7+uAqyIPlFHetCyl+5VVnmRHE6TuMkd9BxJyGwM6VZluTVMZEEUZqmcZRXMzlRNoZHIr9o+3mSQSsvTpBICcrxqub3VKtyf5Nb/z7/7NeWcKy2rC26//C5/xwKe2Vv6d37JfSzwKo8dP8+2j8CufiUSCQSiUQikUgkEolEIpFIJBKJRCKRSCQSiUQi+Z/zF8ADo0PT0IKkAAAAAElFTkSuQmCC'),
(27, 'Globus Bank Limited', 'data:image/png;base64,iVBORw0KGgoAAAANSUhEUgAAAJcAAACRCAMAAAD5GNpWAAAAw1BMVEX///8eN23///35+fv8//8XM2seOGzubwAfNm7tbADqbwDpbAAAJGMAKWQAKGYAJGUAGl5MW4NHU34AIWQAAFns7vENLWg1SXo2Snj07+LqZgD5+/bi5OnX2uHyyKnsgTN/h6UuQXTvtZS8ws3pcw4AElyCjKTtroOiqrvvzq704M/1v6Hreyn3z7T56djzto7qh0XtWwDsklrrjk9ZZY51gJezuMdseJtrdZGOmKwACFlfbIybobfKzdrtpnnuoGz42cRwokkYAAAGdUlEQVR4nO2Xi3KCOBSGkxAiWggKBS+AluKFVdu6VVEqaN//qfYE8FK1O7Mzu9POTr5OHQMh+fnPyUlESCKRSCQSiUQikUgkEolEIpFIJBKJRCKRSCQSiURyDUF/TOlPi7gDQbN59zcKoy/1wetPi7iFEPJWX/xCx2iXzmrgGPlpIVfQ2Qw91we/zjE6+7OPnmu/LsfI67zRp8KxXxPJUgjtDnp99NYYdO/2IefP8zXy5VLV5+vA5Lp9Neb3LpTDw990MJwVjtE7ncntNSIeurhxdwpyLeRSZTnCd7o8jyDP8xDqznsz+lZb3MsxxQkC37m65ge+r1y2fd+hl7cD/7K/438ZQjQV9B3d90Gf9hfLrrf3XoVjs97NqvSfVlYnDNuddV7ZQpCSbIpr1i52xIs7ycpqQ5fWNhKTkWBthSzsrJJqapJsy/vjSAGblHhliadXaXBPFX1d9J5pH2q99/6w9MCxfuHYV2FpUy1xP8bVNEl75FbXbBiZxjr0waJtuGCSsx4ZooHV0a6wyN+NXFx2Z/BWQXgccrS9VUVQd1F7pi+NOciqLRrv4FhjhmZiVV4EXrFMruKQuSpj9rhIxsx2GQMJrsv5DrqsdbinctE2noonoIU7oatq5ka42zE0eB5rrtFMEchyxX2GXcOI7rpVL93qLut7b9JbCMdeoI592ZJyK00gFZyo5WL8CFFDMccYm1YWRUlqxYikTYY1u1W2E6SsDE3FEF8ahRp7hODHNvTPAsfPs06AyFpnahj7jh+lLedWV3cAbvWFW8uHiYfIvl46RoVj56WiHB9VXMz0GF5XVzHmaRlSRUER18C8KpMge1Ibqywv1lvSZHyN0BaC2CpzE+4roYp5Vo7pXK9IUrn1sAC3Gntx25s0lt7r8AEKrFiVt2t4y5kLgdy47DSuoC0ClJyaDpjjHqflIIgUutqnSqEwFbt38qqK4qFQ0YBq+rAoq6k3qL+h/lCkW/1w0VXxozhLs2SlCl0B07BqnWXnOiTK+tw7thnGvlLgq5pqOSiDwLut6FjkdgbGxu7uSgQgqSb0ZTifeof6wROyDg/vFPx6ofvG8pxhTtYym7Zp203ILyNFiUiW+KiLiEnZ6Ji+UKZ3EGXcqsDgl4IcDI+6zU0lJYdVgzkfO/fqqofAlYn3OZx/eoceCCvkfc6HL2hSX0DzaEfbdLHBVYbFfGaCUh2SPD8NSdYw5+icvo4F3VRe4EIxcXfQ1V9xVdNcnhXFDeUhGKhxLbkWVb5pd9GbiDIxLYSJ/+nw4ZPu60uIa+VXAHJUe53keR4JYwK0hjGhaB39UrZC17ly+x14hbDd7gDw2Q7HoquSYVNjeDSuxI+b5WK5u8NBKB/23ktjOKWH2qBRukUn9aV3NvhJx4zlxR7qNAsBY7jSjE66KOgSci91NXOknKBFeJHyBMsFnzr6Ww5pipX7O2R3WTlGDr13Oh32hFvvUCRO2dUBu7bl9p6DLl7mtbs6v9xYLM9xeQAo4qgyO0EX+zkRoKJoYCNGx3PIk6vhj/vJTyjsP+DYcDj1nsGt+bVbiEIRcDfl99gsqlAg3tuMT32gfGHMznUb/HOt6/NPofgDF7oquQnE/ztdhJaO1YZTNJ1XbhFyUe0tUBHmxdcxx6JIKmLBaXzsQy8n8osyCUZm4vDgJA7KH8G/TXmU8GN4NCo3Z+cJAm5HKImLRRK0oOzZd8p9ZYhwjHwOhzPILVK49QVhvspb66cdZAPTRb30TSHM4GGbcQYDRxAQcIKHHWZDsUJbE4oCt7brVWjAvoU2TYO1Wh0VZLkWQqGtt1urttgujfF3ssrkF3WsBjvjXlTYS7cgXXdNFRKUG+C6ajwW4YpcsUHCVY1vRJ/4A24yUUiKiZxVEzMoCrDbi13dCVVoweECqzoOUPCIWXHWYOpo9f0BrHKMfs4/yaSx8G5LXWYZps5103CtbVDe9TehbpumyUudKNhg29RN22iW+ZJ1dNswuG4wqFDBKlThu67zjjgmJa0QuopmK/7+uAqyIPlFHetCyl+5VVnmRHE6TuMkd9BxJyGwM6VZluTVMZEEUZqmcZRXMzlRNoZHIr9o+3mSQSsvTpBICcrxqub3VKtyf5Nb/z7/7NeWcKy2rC26//C5/xwKe2Vv6d37JfSzwKo8dP8+2j8CufiUSCQSiUQikUgkEolEIpFIJBKJRCKRSCQSiUQi+Z/zF8ADo0PT0IKkAAAAAElFTkSuQmCC'),
(28, 'Globus Bank Limited', 'data:image/png;base64,iVBORw0KGgoAAAANSUhEUgAAAJcAAACRCAMAAAD5GNpWAAAAw1BMVEX///8eN23///35+fv8//8XM2seOGzubwAfNm7tbADqbwDpbAAAJGMAKWQAKGYAJGUAGl5MW4NHU34AIWQAAFns7vENLWg1SXo2Snj07+LqZgD5+/bi5OnX2uHyyKnsgTN/h6UuQXTvtZS8ws3pcw4AElyCjKTtroOiqrvvzq704M/1v6Hreyn3z7T56djzto7qh0XtWwDsklrrjk9ZZY51gJezuMdseJtrdZGOmKwACFlfbIybobfKzdrtpnnuoGz42cRwokkYAAAGdUlEQVR4nO2Xi3KCOBSGkxAiWggKBS+AluKFVdu6VVEqaN//qfYE8FK1O7Mzu9POTr5OHQMh+fnPyUlESCKRSCQSiUQikUgkEolEIpFIJBKJRCKRSCQSiURyDUF/TOlPi7gDQbN59zcKoy/1wetPi7iFEPJWX/xCx2iXzmrgGPlpIVfQ2Qw91we/zjE6+7OPnmu/LsfI67zRp8KxXxPJUgjtDnp99NYYdO/2IefP8zXy5VLV5+vA5Lp9Neb3LpTDw990MJwVjtE7ncntNSIeurhxdwpyLeRSZTnCd7o8jyDP8xDqznsz+lZb3MsxxQkC37m65ge+r1y2fd+hl7cD/7K/438ZQjQV9B3d90Gf9hfLrrf3XoVjs97NqvSfVlYnDNuddV7ZQpCSbIpr1i52xIs7ycpqQ5fWNhKTkWBthSzsrJJqapJsy/vjSAGblHhliadXaXBPFX1d9J5pH2q99/6w9MCxfuHYV2FpUy1xP8bVNEl75FbXbBiZxjr0waJtuGCSsx4ZooHV0a6wyN+NXFx2Z/BWQXgccrS9VUVQd1F7pi+NOciqLRrv4FhjhmZiVV4EXrFMruKQuSpj9rhIxsx2GQMJrsv5DrqsdbinctE2noonoIU7oatq5ka42zE0eB5rrtFMEchyxX2GXcOI7rpVL93qLut7b9JbCMdeoI592ZJyK00gFZyo5WL8CFFDMccYm1YWRUlqxYikTYY1u1W2E6SsDE3FEF8ahRp7hODHNvTPAsfPs06AyFpnahj7jh+lLedWV3cAbvWFW8uHiYfIvl46RoVj56WiHB9VXMz0GF5XVzHmaRlSRUER18C8KpMge1Ibqywv1lvSZHyN0BaC2CpzE+4roYp5Vo7pXK9IUrn1sAC3Gntx25s0lt7r8AEKrFiVt2t4y5kLgdy47DSuoC0ClJyaDpjjHqflIIgUutqnSqEwFbt38qqK4qFQ0YBq+rAoq6k3qL+h/lCkW/1w0VXxozhLs2SlCl0B07BqnWXnOiTK+tw7thnGvlLgq5pqOSiDwLut6FjkdgbGxu7uSgQgqSb0ZTifeof6wROyDg/vFPx6ofvG8pxhTtYym7Zp203ILyNFiUiW+KiLiEnZ6Ji+UKZ3EGXcqsDgl4IcDI+6zU0lJYdVgzkfO/fqqofAlYn3OZx/eoceCCvkfc6HL2hSX0DzaEfbdLHBVYbFfGaCUh2SPD8NSdYw5+icvo4F3VRe4EIxcXfQ1V9xVdNcnhXFDeUhGKhxLbkWVb5pd9GbiDIxLYSJ/+nw4ZPu60uIa+VXAHJUe53keR4JYwK0hjGhaB39UrZC17ly+x14hbDd7gDw2Q7HoquSYVNjeDSuxI+b5WK5u8NBKB/23ktjOKWH2qBRukUn9aV3NvhJx4zlxR7qNAsBY7jSjE66KOgSci91NXOknKBFeJHyBMsFnzr6Ww5pipX7O2R3WTlGDr13Oh32hFvvUCRO2dUBu7bl9p6DLl7mtbs6v9xYLM9xeQAo4qgyO0EX+zkRoKJoYCNGx3PIk6vhj/vJTyjsP+DYcDj1nsGt+bVbiEIRcDfl99gsqlAg3tuMT32gfGHMznUb/HOt6/NPofgDF7oquQnE/ztdhJaO1YZTNJ1XbhFyUe0tUBHmxdcxx6JIKmLBaXzsQy8n8osyCUZm4vDgJA7KH8G/TXmU8GN4NCo3Z+cJAm5HKImLRRK0oOzZd8p9ZYhwjHwOhzPILVK49QVhvspb66cdZAPTRb30TSHM4GGbcQYDRxAQcIKHHWZDsUJbE4oCt7brVWjAvoU2TYO1Wh0VZLkWQqGtt1urttgujfF3ssrkF3WsBjvjXlTYS7cgXXdNFRKUG+C6ajwW4YpcsUHCVY1vRJ/4A24yUUiKiZxVEzMoCrDbi13dCVVoweECqzoOUPCIWXHWYOpo9f0BrHKMfs4/yaSx8G5LXWYZps5103CtbVDe9TehbpumyUudKNhg29RN22iW+ZJ1dNswuG4wqFDBKlThu67zjjgmJa0QuopmK/7+uAqyIPlFHetCyl+5VVnmRHE6TuMkd9BxJyGwM6VZluTVMZEEUZqmcZRXMzlRNoZHIr9o+3mSQSsvTpBICcrxqub3VKtyf5Nb/z7/7NeWcKy2rC26//C5/xwKe2Vv6d37JfSzwKo8dP8+2j8CufiUSCQSiUQikUgkEolEIpFIJBKJRCKRSCQSiUQi+Z/zF8ADo0PT0IKkAAAAAElFTkSuQmCC'),
(29, 'Globus Bank Limited', 'data:image/png;base64,iVBORw0KGgoAAAANSUhEUgAAAJcAAACRCAMAAAD5GNpWAAAAw1BMVEX///8eN23///35+fv8//8XM2seOGzubwAfNm7tbADqbwDpbAAAJGMAKWQAKGYAJGUAGl5MW4NHU34AIWQAAFns7vENLWg1SXo2Snj07+LqZgD5+/bi5OnX2uHyyKnsgTN/h6UuQXTvtZS8ws3pcw4AElyCjKTtroOiqrvvzq704M/1v6Hreyn3z7T56djzto7qh0XtWwDsklrrjk9ZZY51gJezuMdseJtrdZGOmKwACFlfbIybobfKzdrtpnnuoGz42cRwokkYAAAGdUlEQVR4nO2Xi3KCOBSGkxAiWggKBS+AluKFVdu6VVEqaN//qfYE8FK1O7Mzu9POTr5OHQMh+fnPyUlESCKRSCQSiUQikUgkEolEIpFIJBKJRCKRSCQSiURyDUF/TOlPi7gDQbN59zcKoy/1wetPi7iFEPJWX/xCx2iXzmrgGPlpIVfQ2Qw91we/zjE6+7OPnmu/LsfI67zRp8KxXxPJUgjtDnp99NYYdO/2IefP8zXy5VLV5+vA5Lp9Neb3LpTDw990MJwVjtE7ncntNSIeurhxdwpyLeRSZTnCd7o8jyDP8xDqznsz+lZb3MsxxQkC37m65ge+r1y2fd+hl7cD/7K/438ZQjQV9B3d90Gf9hfLrrf3XoVjs97NqvSfVlYnDNuddV7ZQpCSbIpr1i52xIs7ycpqQ5fWNhKTkWBthSzsrJJqapJsy/vjSAGblHhliadXaXBPFX1d9J5pH2q99/6w9MCxfuHYV2FpUy1xP8bVNEl75FbXbBiZxjr0waJtuGCSsx4ZooHV0a6wyN+NXFx2Z/BWQXgccrS9VUVQd1F7pi+NOciqLRrv4FhjhmZiVV4EXrFMruKQuSpj9rhIxsx2GQMJrsv5DrqsdbinctE2noonoIU7oatq5ka42zE0eB5rrtFMEchyxX2GXcOI7rpVL93qLut7b9JbCMdeoI592ZJyK00gFZyo5WL8CFFDMccYm1YWRUlqxYikTYY1u1W2E6SsDE3FEF8ahRp7hODHNvTPAsfPs06AyFpnahj7jh+lLedWV3cAbvWFW8uHiYfIvl46RoVj56WiHB9VXMz0GF5XVzHmaRlSRUER18C8KpMge1Ibqywv1lvSZHyN0BaC2CpzE+4roYp5Vo7pXK9IUrn1sAC3Gntx25s0lt7r8AEKrFiVt2t4y5kLgdy47DSuoC0ClJyaDpjjHqflIIgUutqnSqEwFbt38qqK4qFQ0YBq+rAoq6k3qL+h/lCkW/1w0VXxozhLs2SlCl0B07BqnWXnOiTK+tw7thnGvlLgq5pqOSiDwLut6FjkdgbGxu7uSgQgqSb0ZTifeof6wROyDg/vFPx6ofvG8pxhTtYym7Zp203ILyNFiUiW+KiLiEnZ6Ji+UKZ3EGXcqsDgl4IcDI+6zU0lJYdVgzkfO/fqqofAlYn3OZx/eoceCCvkfc6HL2hSX0DzaEfbdLHBVYbFfGaCUh2SPD8NSdYw5+icvo4F3VRe4EIxcXfQ1V9xVdNcnhXFDeUhGKhxLbkWVb5pd9GbiDIxLYSJ/+nw4ZPu60uIa+VXAHJUe53keR4JYwK0hjGhaB39UrZC17ly+x14hbDd7gDw2Q7HoquSYVNjeDSuxI+b5WK5u8NBKB/23ktjOKWH2qBRukUn9aV3NvhJx4zlxR7qNAsBY7jSjE66KOgSci91NXOknKBFeJHyBMsFnzr6Ww5pipX7O2R3WTlGDr13Oh32hFvvUCRO2dUBu7bl9p6DLl7mtbs6v9xYLM9xeQAo4qgyO0EX+zkRoKJoYCNGx3PIk6vhj/vJTyjsP+DYcDj1nsGt+bVbiEIRcDfl99gsqlAg3tuMT32gfGHMznUb/HOt6/NPofgDF7oquQnE/ztdhJaO1YZTNJ1XbhFyUe0tUBHmxdcxx6JIKmLBaXzsQy8n8osyCUZm4vDgJA7KH8G/TXmU8GN4NCo3Z+cJAm5HKImLRRK0oOzZd8p9ZYhwjHwOhzPILVK49QVhvspb66cdZAPTRb30TSHM4GGbcQYDRxAQcIKHHWZDsUJbE4oCt7brVWjAvoU2TYO1Wh0VZLkWQqGtt1urttgujfF3ssrkF3WsBjvjXlTYS7cgXXdNFRKUG+C6ajwW4YpcsUHCVY1vRJ/4A24yUUiKiZxVEzMoCrDbi13dCVVoweECqzoOUPCIWXHWYOpo9f0BrHKMfs4/yaSx8G5LXWYZps5103CtbVDe9TehbpumyUudKNhg29RN22iW+ZJ1dNswuG4wqFDBKlThu67zjjgmJa0QuopmK/7+uAqyIPlFHetCyl+5VVnmRHE6TuMkd9BxJyGwM6VZluTVMZEEUZqmcZRXMzlRNoZHIr9o+3mSQSsvTpBICcrxqub3VKtyf5Nb/z7/7NeWcKy2rC26//C5/xwKe2Vv6d37JfSzwKo8dP8+2j8CufiUSCQSiUQikUgkEolEIpFIJBKJRCKRSCQSiUQi+Z/zF8ADo0PT0IKkAAAAAElFTkSuQmCC');

-- --------------------------------------------------------

--
-- Table structure for table `credit_card`
--

CREATE TABLE `credit_card` (
  `id` int(100) NOT NULL,
  `owner_id` varchar(50) CHARACTER SET latin1 COLLATE latin1_swedish_ci DEFAULT NULL,
  `authorization_code` varchar(50) CHARACTER SET latin1 COLLATE latin1_swedish_ci DEFAULT NULL,
  `signature` varchar(50) CHARACTER SET latin1 COLLATE latin1_swedish_ci DEFAULT NULL,
  `card_type` varchar(20) CHARACTER SET latin1 COLLATE latin1_swedish_ci DEFAULT NULL,
  `last4` varchar(5) CHARACTER SET latin1 COLLATE latin1_swedish_ci DEFAULT NULL,
  `exp_month` varchar(5) CHARACTER SET latin1 COLLATE latin1_swedish_ci DEFAULT NULL,
  `exp_year` varchar(5) CHARACTER SET latin1 COLLATE latin1_swedish_ci DEFAULT NULL,
  `bin` varchar(8) CHARACTER SET latin1 COLLATE latin1_swedish_ci DEFAULT NULL,
  `bank` varchar(30) CHARACTER SET latin1 COLLATE latin1_swedish_ci DEFAULT NULL,
  `country_code` varchar(5) CHARACTER SET latin1 COLLATE latin1_swedish_ci DEFAULT NULL,
  `account_name` varchar(40) CHARACTER SET latin1 COLLATE latin1_swedish_ci DEFAULT NULL,
  `customer_code` varchar(50) CHARACTER SET latin1 COLLATE latin1_swedish_ci DEFAULT NULL,
  `status` varchar(10) CHARACTER SET latin1 COLLATE latin1_swedish_ci DEFAULT NULL
) ENGINE=MyISAM DEFAULT CHARSET=utf8 COLLATE=utf8_general_ci;

--
-- Dumping data for table `credit_card`
--

INSERT INTO `credit_card` (`id`, `owner_id`, `authorization_code`, `signature`, `card_type`, `last4`, `exp_month`, `exp_year`, `bin`, `bank`, `country_code`, `account_name`, `customer_code`, `status`) VALUES
(1, 'ef69c2afd', 'AUTH_tj6tnnbj0b', 'SIG_IHedHXlNUkBUM5wBW625', 'visa ', '4081', '12', '2030', '408408', 'TEST BANK', 'NG', NULL, 'CUS_u9vqaptujyd6wtf', 'Active'),
(2, 'e55ef4139', 'AUTH_qpnzx1aiub', 'SIG_IHedHXlNUkBUM5wBW625', 'visa ', '4081', '12', '2030', '408408', 'TEST BANK', 'NG', NULL, 'CUS_1plu54pewngwqhq', 'Active'),
(3, 'ef69c2afd', 'AUTH_1szxkp23xz', 'SIG_ne35RhxtbGC9QsP3dRTq', 'visa ', '4081', '01', '2022', '408408', 'TEST BANK', 'NG', NULL, 'CUS_u9vqaptujyd6wtf', 'Active');

-- --------------------------------------------------------

--
-- Table structure for table `language`
--

CREATE TABLE `language` (
  `id` int(100) NOT NULL,
  `english` mediumtext CHARACTER SET utf8 COLLATE utf8_general_ci DEFAULT NULL,
  `yoruba` mediumtext CHARACTER SET utf8 COLLATE utf8_general_ci DEFAULT NULL,
  `hausa` mediumtext CHARACTER SET utf8 COLLATE utf8_general_ci DEFAULT NULL,
  `igbo` mediumtext CHARACTER SET utf8 COLLATE utf8_general_ci DEFAULT NULL
) ENGINE=InnoDB DEFAULT CHARSET=latin1 COLLATE=latin1_swedish_ci;

--
-- Dumping data for table `language`
--

INSERT INTO `language` (`id`, `english`, `yoruba`, `hausa`, `igbo`) VALUES
(1, 'OK', 'O DARA', 'KO', ' D MMA'),
(2, 'Package Payment', 'Owo sisan Package', 'Biyan Kunshin', 'gw ngwugwu'),
(3, 'Money sent', 'Owo ran', 'An aika kudi', 'E zigara ego'),
(4, 'Edit Transaction', 'atunk Idunadura', 'Gyara Ma\'amala', 'Dezie azmaha'),
(5, 'Select Provider', 'Yan Olupese', 'Zai Mai bayarwa', 'Hr Onye na-enye'),
(6, 'Please select provider', 'Jw yan olupese', 'Da fatan za a zai mai bayarwa', 'Biko hr onye na-eweta ya'),
(7, 'Continue', 'Tesiwaju', 'Ci gaba', 'Gaa n\'ihu'),
(8, 'Select Date', 'Yan j', 'Zai Kwanan wata', 'Hr bch'),
(9, 'From Date:', 'Lati j:', 'Daga Kwanan Wata:', 'Site na bch:'),
(10, 'To Date:', 'Titi di akoko yi:', 'Zuwa Kwanan Wata:', 'Ruo taa:'),
(11, 'Enter Amount ()', 'T  iye sii ()', NULL, NULL),
(12, 'Withdrawal Details', 'Yiy Awn alaye', 'Cikakkun Janyewa', 'Nkwa mwep'),
(13, 'Shop Limit', 'Ifilel itaja', 'Iyakar Siyayya', 'Oke l aha'),
(14, 'Duration', 'Iye akoko', 'Tsawon lokaci', 'Ogologo oge'),
(15, 'Amount', 'Iye', 'Adadin', 'n ego'),
(16, 'You will be redirected to our support on Whatapp to Present your payment proof', 'Iw yoo dar si atilyin wa lori Whatapp lati afihan ri isanwo r', 'Za a tura ku zuwa tallafin mu akan Whatapp don Gabatar da shaidar biyan ku', 'A ga-atghar g gaa na nkwado any na Whatapp iji gosi akaebe kw gw g'),
(17, 'CLICK DONE ONCE PAYMENT IS MADE', 'T E NIGBA TI O E SANWO', 'DANNA ANA YI SAURAN BIYA', 'Pa Emechara ozugbo akwchara gw'),
(18, 'DONE', 'EE', 'ANYI', 'Emeela'),
(19, 'How to use Posa', 'Bi o e le lo Posa', 'Yadda ake amfani da Posa', 'Otu esi eji Posa'),
(20, 'Ask a Question', 'Beere ibeere kan', 'Yi Tambaya', 'J ajj'),
(21, 'Pay with Credit / Debit Card', 'Sanwo plu Kirditi / Debiti Kaadi', 'Biya tare da Katin Kiredit / Zare kudi', 'Jiri Kaad kredit/ Debit kw gw'),
(22, 'Use Credit / Debit Card', 'Lo Kirditi / Debiti Kaadi', 'Yi amfani da Katin Kiredit / Zare kudi', 'Jiri Kaad kredit/Debit'),
(23, 'Use Account Wallet', 'Lo Account apamw', 'Yi amfani da Wallet Account', 'Jiri obere akpa Akant'),
(24, 'Transfer, withdrawal, airtime, data, cable tv and much more', 'Gbigbe, yiy kuro, akoko aff, data, tv USB ati pup di sii', 'Canja wurin, cirewa, lokacin iska, bayanai, TV na USB da ari mai yawa', 'Nyefee, mwepu, oge ikuku, data, igwe onyonyo na tt nd z'),
(25, 'CREATE AN ACCOUNT', 'DA AKL KAN', 'iriri ACCOUNT', 'MEPTA AKANT'),
(26, 'Register now and manage your pos shop with ease', 'Foruksil ni bayi ati akoso ile itaja pos r plu irrun', 'Yi rijista yanzu kuma sarrafa kantin sayar da ku cikin saui', 'Debanye aha ugbu a ma jikwaa l aha pos g n\'z d mfe'),
(27, 'Get Started', 'Br', 'Fara', 'Malite'),
(28, 'LOGIN TO YOUR ACCOUNT', 'Buwolu wle si iroyin r', 'SHIGA ACCOUNT DINKA', 'Banye na akant g'),
(29, 'Phone Number', 'Nomba fonu', 'Lambar tarho', 'Nmba ekwent'),
(30, 'Enter Your Password', 'T rigbaniwle R sii', 'Shigar da Kalmar wucewa', 'Tinye paswd g'),
(31, 'Forgot Password?', 'Gbagbe r aina bi?', 'Manta Kalmar wucewa?', 'Chefuru okwuntughe?'),
(32, 'Remember Password', 'Ranti rigbaniwle', 'Tuna Kalmar wucewa', 'Cheta okwuntughe'),
(33, 'Sign Up', 'Foruksil', 'Shiga', 'Debanye aha'),
(34, 'Chat with Posa support', 'Wiregbe plu atilyin Posa', 'Yi tai tare da tallafin Posa', 'Jiri nkwado Posa kparta ka'),
(35, 'Do you need help?', 'e o nilo iranlw?', 'Kuna buatar taimako?', ' chr enyemaka?'),
(36, 'Log In', 'Wo ile', 'Shiga', 'Banye'),
(37, 'LogIn', 'Wo ile', 'Shiga', 'Banye'),
(38, 'Sign Out', 'Ifowosi jada', 'Fita', 'P'),
(39, 'REGISTER AN ACCOUNT', 'Foruksil iroyin', 'Yi rijistar ACCOUNT', 'Debanye aha akant'),
(40, 'Phone Number', 'Nomba fonu', 'Lambar tarho', 'Nmba ekwent'),
(41, 'GET OTP', 'Gba OTP', 'SAMU OTP', 'Nweta OTP'),
(42, 'Confirm', 'Jrisi', 'Tabbatar', 'Kwenye'),
(43, 'By clicking Confirm you accept the', 'Nipa tite Jrisi o gba awn', 'Ta danna Tabbatar kun kari', 'Site na p Kwpta na  nabatara ya'),
(44, 'Terms and conditions', 'Ofin ati ipo', 'Sharua da sharua', 'Usoro na nd'),
(45, 'Log In to your account', 'Wle si akl r', 'Shiga cikin asusunku', 'Banye na akant g'),
(46, 'Forgot Password', 'Gbagbe r aina bi', 'Manta Kalmar wucewa', 'Chefuru okwuntughe'),
(47, 'Enter your registered phone number', 'T nmba foonu ti o foruksil sii', 'Shigar da lambar wayar ku mai rijista', 'Tinye nmba ekwent g edebanyere aha'),
(48, 'Reset Password', 'Tun rigbaniwle to', 'Sake saita kalmar wucewa', 'Tgharia okwuntughe'),
(49, 'Enter OTP Code', 'T koodu OTP sii', 'Shigar da lambar OTP', 'Tinye koodu OTP'),
(50, 'Enter the recent otp-code sent to your phone', 'T koodu otp to  ran si foonu r', 'Shigar da lambar otp na kwanan nan da aka aika zuwa wayarka', 'Tinye koodu otp-adbegh anya ezigara na ekwent g'),
(51, 'Set Password', 'eto rigbaniwle', 'Saita Kalmar wucewa', 'T okwuntughe'),
(52, 'Re-enter Password', 'Tun r aina t sii', 'Sake saka kalmar shiga', 'Tinyeghara okwuntughe'),
(53, 'How much you are sending', 'Elo ni o n firan', 'Nawa kuke aikawa', 'Ego ole ka  na-eziga'),
(54, 'Package Payment', 'Owo sisan Package', 'Biyan Kunshin', 'gw ngwugwu'),
(55, 'Money sent', 'Owo ran', 'An aika kudi', 'E zigara ego'),
(56, 'Edit Transaction', 'atunk Idunadura', 'Gyara Ma\'amala', 'Dezie azmaha'),
(57, 'Select Provider', 'Yan Olupese', 'Zai Mai bayarwa', 'Hr Onye na-enye'),
(58, 'Please select provider', 'Jw yan olupese', 'Da fatan za a zai mai bayarwa', 'Biko hr onye na-eweta ya'),
(59, 'Continue', 'Tesiwaju', 'Ci gaba', 'Gaa n\'ihu'),
(60, 'Select Date', 'Yan j', 'Zai Kwanan wata', 'Hr bch'),
(61, 'From Date:', 'Lati j:', 'Daga Kwanan Wata:', 'Site na bch:'),
(62, 'To Date:', 'Titi di akoko yi:', 'Zuwa Kwanan Wata:', 'Ruo taa:'),
(63, 'Enter Amount ()', 'T? iye sii ()', NULL, NULL),
(64, 'Withdrawal Details', 'Yiy Awn alaye', 'Cikakkun Janyewa', 'Nkwa mwep'),
(65, 'Shop Limit', 'Ifilel itaja', 'Iyakar Siyayya', 'Oke l aha'),
(66, 'Duration', 'Iye akoko', 'Tsawon lokaci', 'Ogologo oge'),
(67, 'Amount', 'Iye', 'Adadin', 'n ego'),
(68, 'You will be redirected to our support on Whatapp to Present your payment proof', 'Iw yoo dar si atilyin wa lori Whatapp lati afihan ri isanwo r', 'Za a tura ku zuwa tallafin mu akan Whatapp don Gabatar da shaidar biyan ku', 'A ga-atghar g gaa na nkwado any na Whatapp iji gosi akaebe kw gw g'),
(69, 'CLICK DONE ONCE PAYMENT IS MADE', 'T E NIGBA TI O E SANWO', 'DANNA ANA YI SAURAN BIYA', 'Pa Emechara ozugbo akwchara gw'),
(70, 'DONE', 'EE', 'ANYI', 'Emeela'),
(71, 'How to use Posa', 'Bi o e le lo Posa', 'Yadda ake amfani da Posa', 'Otu esi eji Posa'),
(72, 'Ask a Question', 'Beere ibeere kan', 'Yi Tambaya', 'J ajj'),
(73, 'Pay with Credit / Debit Card', 'Sanwo plu Kirditi / Debiti Kaadi', 'Biya tare da Katin Kiredit / Zare kudi', 'Jiri Kaad kredit/ Debit kw gw'),
(74, 'Use Credit / Debit Card', 'Lo Kirditi / Debiti Kaadi', 'Yi amfani da Katin Kiredit / Zare kudi', 'Jiri Kaad kredit/Debit'),
(75, 'Use Account Wallet', 'Lo Account apamw', 'Yi amfani da Wallet Account', 'Jiri obere akpa Akant'),
(76, 'Transfer, withdrawal, airtime, data, cable tv and much more', 'Gbigbe, yiy kuro, akoko aff, data, tv USB ati pup di sii', 'Canja wurin, cirewa, lokacin iska, bayanai, TV na USB da ari mai yawa', 'Nyefee, mwepu, oge ikuku, data, igwe onyonyo na tt nd z'),
(77, 'CREATE AN ACCOUNT', 'DA AKL KAN', 'iriri ACCOUNT', 'MEPTA AKANT'),
(78, 'Register now and manage your pos shop with ease', 'Foruksil ni bayi ati akoso ile itaja pos r plu irrun', 'Yi rijista yanzu kuma sarrafa kantin sayar da ku cikin saui', 'Debanye aha ugbu a ma jikwaa l aha pos g n\'z d mfe'),
(79, 'Get Started', 'Br', 'Fara', 'Malite'),
(80, 'LOGIN TO YOUR ACCOUNT', 'Buwolu wle si iroyin r', 'SHIGA ACCOUNT DINKA', 'Banye na akant g'),
(81, 'Phone Number', 'Nomba fonu', 'Lambar tarho', 'Nmba ekwent'),
(82, 'Enter Your Password', 'T rigbaniwle R sii', 'Shigar da Kalmar wucewa', 'Tinye paswd g'),
(83, 'Forgot Password?', 'Gbagbe r aina bi?', 'Manta Kalmar wucewa?', 'Chefuru okwuntughe?'),
(84, 'Remember Password', 'Ranti rigbaniwle', 'Tuna Kalmar wucewa', 'Cheta okwuntughe'),
(85, 'Sign Up', 'Foruksil', 'Shiga', 'Debanye aha'),
(86, 'Chat with Posa support', 'Wiregbe plu atilyin Posa', 'Yi tai tare da tallafin Posa', 'Jiri nkwado Posa kparta ka'),
(87, 'Do you need help?', 'e o nilo iranlw?', 'Kuna buatar taimako?', ' chr enyemaka?'),
(88, 'Log In', 'Wo ile', 'Shiga', 'Banye'),
(89, 'LogIn', 'Wo ile', 'Shiga', 'Banye'),
(90, 'Sign Out', 'Ifowosi jada', 'Fita', 'P'),
(91, 'REGISTER AN ACCOUNT', 'Foruksil iroyin', 'Yi rijistar ACCOUNT', 'Debanye aha akant'),
(92, 'Phone Number', 'Nomba fonu', 'Lambar tarho', 'Nmba ekwent'),
(93, 'GET OTP', 'Gba OTP', 'SAMU OTP', 'Nweta OTP'),
(94, 'Confirm', 'Jrisi', 'Tabbatar', 'Kwenye'),
(95, 'By clicking Confirm you accept the', 'Nipa tite Jrisi o gba awn', 'Ta danna Tabbatar kun kari', 'Site na p Kwpta na  nabatara ya'),
(96, 'Terms and conditions', 'Ofin ati ipo', 'Sharua da sharua', 'Usoro na nd'),
(97, 'Log In to your account', 'Wle si akl r', 'Shiga cikin asusunku', 'Banye na akant g'),
(98, 'Forgot Password', 'Gbagbe r aina bi', 'Manta Kalmar wucewa', 'Chefuru okwuntughe'),
(99, 'Enter your registered phone number', 'T nmba foonu ti o foruksil sii', 'Shigar da lambar wayar ku mai rijista', 'Tinye nmba ekwent g edebanyere aha'),
(100, 'Reset Password', 'Tun rigbaniwle to', 'Sake saita kalmar wucewa', 'Tgharia okwuntughe'),
(101, 'Enter OTP Code', 'T koodu OTP sii', 'Shigar da lambar OTP', 'Tinye koodu OTP'),
(102, 'Enter the recent otp-code sent to your phone', 'T koodu otp to  ran si foonu r', 'Shigar da lambar otp na kwanan nan da aka aika zuwa wayarka', 'Tinye koodu otp-adbegh anya ezigara na ekwent g'),
(103, 'Set Password', 'eto rigbaniwle', 'Saita Kalmar wucewa', 'T okwuntughe'),
(104, 'Re-enter Password', 'Tun r aina t sii', 'Sake saka kalmar shiga', 'Tinyeghara okwuntughe'),
(105, 'Let\'s get to know you', 'J ki a m ', 'Mu san ku', 'Ka any mara g'),
(106, 'Male', 'Okunrin', 'Namiji', 'Nwoke'),
(107, 'Female', 'Obinrin', 'Mace', 'Nwany'),
(108, 'Subscription Package', 'Alabapin Package', 'Kunshin Biyan Kui', 'ngwugwu ndenye aha'),
(109, 'TRIAL PACKAGE', 'Package idanwo', 'FASHIN gwaji', 'Ngwugwu nwnwa'),
(110, 'Shop Limit', 'Ifilel itaja', 'Iyakar Siyayya', 'Oke l aha'),
(111, 'Staff ', 'Oi', 'Ma\'aikata', 'Nd r'),
(112, 'Duration', 'Iye akoko', 'Tsawon lokaci', 'Ogologo oge'),
(113, '14 Days', '14 j', 'Kwanaki 14', 'bch 14'),
(114, 'FREE TRIAL', 'IDANWO F', 'GWAJI KYAUTA', 'nwnwa efu'),
(115, 'Authenticate Your Card', 'Jrisi Kaadi r', 'Tabbatar da Katin ku', 'Chpta kaad g'),
(116, 'Authenticate Your Credit or Debit Card', 'Jrisi Kirditi r tabi Kaadi Debiti', 'Tabbatar da Kiredit inku ko Katin Zare kudi', 'Chpta kredit g ma  b kaad debit g'),
(117, 'Logout', 'Jade jade', 'Fita', 'Wep'),
(118, 'You are welcome', 'Ko Tope', 'Barka da zuwa', 'A na m as g nn'),
(119, 'Register your first shop', 'Foruksil ile itaja akk r', 'Yi rijistar shagon ku na farko', 'Deba aha l aha mb g'),
(120, 'Deposit', 'Idogo', 'Ajiye ajiya', 'Nkwnye ego'),
(121, 'Withdrawal', 'Yiy kuro', 'Janyewa', 'Mwep'),
(122, 'Bills & Payment', 'Awn owo-owo & Isanwo', 'Lissafi & Biyan Kui', 'gw & kw gw'),
(123, 'Expenditure', 'inawo', 'Kashewa', 'Mmefu'),
(124, 'Transactions', 'Awn iowo', 'Ma\'amaloli', 'Azmaha'),
(125, 'Statistics', 'Awn iiro', 'Kididdiga', 'ng'),
(126, 'Profile Settings', 'Eto profaili', 'Saitunan Bayani', 'Ntala profal'),
(127, 'State of residence', 'Ipinle ti ibugbe', 'Jihar zama', 'nd obibi'),
(128, 'Password Settings', 'rigbaniwle Eto', 'Saitunan kalmar sirri', 'Ntala okwuntughe'),
(129, 'Change Your Password', 'Yi rigbaniwle R pada', 'Canja Kalmar wucewa', 'Gbanwee paswd g'),
(130, 'Enter your present password', 'T r igbaniwle lwlw r sii', 'Shigar da kalmar wucewa ta yanzu', 'Tinye paswd g ugbu a'),
(131, 'Enter New Password', 'T rigbaniwle Tuntun sii', 'Shigar da Sabuwar Kalmar wucewa', 'Tinye okwuntughe hr'),
(132, 'Enter your new password', 'T r igbaniwle tuntun r sii', 'Shigar da sabon kalmar sirri', 'Tinye paswd hr g'),
(133, 'Please select bank', 'Jw yan banki', 'Da fatan za a zai banki', 'Biko hr l ak'),
(134, 'Enter Account Number', 'T Nmba Account', 'Shigar da Lambar Asusu', 'Tinye nmba akant'),
(135, 'Enter Account Name', 'T Oruk Account', 'Shigar da Sunan Asusu', 'Tinye Aha Akant'),
(136, 'Sender\'s Number', 'Nmba Olu', 'Lambar Mai aikawa', 'Nmba onye zitere'),
(137, 'How much you are sending', 'Elo ni o n firan', 'Nawa kuke aikawa', 'Ego ole ka  na-eziga'),
(138, 'Charges:', 'Awn idiyele:', 'Caji:', 'Ebo:'),
(139, 'How much you charge the customer', 'Elo ni o gba agbara si alabara', 'Nawa kuke cajin abokin ciniki', 'Ego ole  na-ana onye aha gw'),
(140, 'TRANSFER', 'GBIGBE', 'MUSA', 'Nyefee'),
(141, 'POS', 'POS', 'POS', 'POS'),
(142, 'Please select bank', 'Jw yan banki', 'Da fatan za a zai banki', 'Biko hr l ak'),
(143, 'Amount:', 'Iye:', 'Adadi:', 'n ego:'),
(144, 'Amount sent to your bank', 'Iye ti a fi ran si banki r', 'Adadin da aka aika zuwa bankin ku', 'n ego ezigara n\'l ak g'),
(145, 'How much are you charging the customer', 'Elo ni o ngba agbara lw alabara', 'Nawa kuke cajin abokin ciniki', 'Ego ole ka  na-ana onye aha'),
(146, 'Please select provider', 'Jw yan olupese', 'Da fatan za a zai mai bayarwa', 'Biko hr onye na-eweta ya'),
(147, 'How much you charged the customer', 'Elo ni o gba agbara si alabara', 'Nawa kuka caje abokin ciniki', 'Ego ole ka  na-ana onye aha'),
(148, 'How much you charged the card', 'Elo ni o gba agbara si kaadi naa', 'Nawa kuka caje katin', 'Ego ole  kwr kaad ah'),
(149, 'Bill Payment', 'Owo sisan', 'Biyan Biyan Kui', 'kw gw gw'),
(150, 'Bill Category:', 'ka Bill:', 'Category Bill:', 'Udi Bill:'),
(151, 'Airtime & Data', 'Airtime & Data', 'Airtime & Data', 'Oge ikuku & data'),
(152, 'Electricity Bill', 'Ina Bill', 'Lissafin Lantarki', 'gw k eletrik'),
(153, 'Tv Subscription', 'Alabapin TV', 'Subscription Tv', 'Ndebanye aha TV'),
(154, 'Internet Subscription', 'Alabapin Ayelujara', 'Biyan kui na Intanet', 'Ndebanye aha ntanet'),
(155, 'Other Billers', 'Miiran Billers', 'Sauran Billers', 'Billers nd z'),
(156, 'Airtime & Data', 'Airtime & Data', 'Airtime & Data', 'Oge ikuku & data'),
(157, 'Airtime / Data:', 'Akoko aff / Data:', 'Lokacin Airtime / Data:', 'Oge ikuku / data:'),
(158, 'Network Provider:', 'Olupese ntiwki:', 'Mai Bayar da hanyar sadarwa:', 'Onye na-eweta netwk:'),
(159, 'Phone Number', 'Nomba fonu', 'Lambar tarho', 'Nmba ekwent'),
(160, 'Comment:', 'rwye:', 'Sharhi:', 'Okwu:'),
(161, 'Electricity', 'Itanna', 'Wutar Lantarki', 'Eletrik'),
(162, 'Company:', 'Ile-i:', 'Kamfanin:', 'l r:'),
(163, 'Meter Number', 'Nmba Mita', 'Lambar Mita', 'Nmba mita'),
(164, 'Tv Subscription', 'Alabapin TV', 'Subscription Tv', 'Ndebanye aha TV'),
(165, 'Utility Provider:', 'Olupese IwUlO:', 'Mai Ba da Amfani:', 'Onye na-eweta r:'),
(166, 'Smart Card Number:', 'Nmba Kaadi Smart:', 'Lambar Kati Mai Waya:', 'Nmba Kaad Smart:'),
(167, 'Internet Subscription', 'Alabapin Ayelujara', 'Biyan kui na Intanet', 'Ndebanye aha ntanet'),
(168, 'Router:', 'Olulana:', 'Mai ba da hanya tsakanin hanyoyin sadarwa:', 'Router:'),
(169, 'Number:', 'Nmba:', 'Lamba:', 'Nmba:'),
(170, 'Amount:', 'Iye:', 'Adadi:', 'n ego:'),
(171, 'Other Bills', 'Awn owo-owo miiran', 'Sauran Kudi', 'gw nd z'),
(172, 'Type / Name:', 'Iru / Oruk:', 'Nau\'in / Suna:', 'd / Aha:'),
(173, 'Details:', 'Awn alaye:', 'Cikakkun bayanai:', 'Nkwa:'),
(174, 'Name:', 'Oruk:', 'Suna:', 'Aha:'),
(175, 'Date & Time:', 'j & Akoko:', 'Kwanan Wata & Lokaci:', 'bch & Oge:'),
(176, 'Reason:', 'Idi:', 'Dalili:', 'Ihe kpatara ya:'),
(177, 'All Shops', 'Gbogbo Ile Itaja', 'Duk Shaguna', 'l aha niile'),
(178, 'Category:', 'ka:', 'Rukuni:', 'Otu:'),
(179, 'All Categories', 'Gbogbo Awn ka', 'Duk Categories', 'Otu niile'),
(180, 'Cash to Shop', 'Owo to Itaja', 'Kudi don Siyayya', 'Ego maka z aha'),
(181, 'Bill & Payment', 'Bill & Isanwo', 'Bill & Biya', 'gw & kw gw'),
(182, 'Status:', 'Ipo:', 'Matsayi:', 'nd:'),
(183, 'All Status', 'Gbogbo Ipo', 'Duk Matsayi', 'nd niile'),
(184, 'Success', 'Aseyori', 'Nasara', 'Ihe ga nke ma'),
(185, 'Pending', 'Ni isunmtosi', 'Ana jiran', 'Na-echere'),
(186, 'Cancel', 'Fagilee', 'Soke', 'Kagbuo'),
(187, 'SHOP CASH', 'OWO OWO', 'KASUWA CASH', 'l aha ego'),
(188, 'SHOP CASH LEFT', 'OSI owo itaja', 'SAUKI KUDI HAGU', 'l aha ego ekpe'),
(189, 'TODAY', 'LONI', 'YAU', 'TAA'),
(190, 'Transaction type', 'Idunadura iru', 'Nau\'in ciniki', 'd azmaha'),
(191, 'PROFIT', 'ERE', 'RIBA', 'Uru'),
(192, 'Total amount', 'Oye gbo e', 'Jimla', 'Mkpokta nego'),
(193, 'No.', 'Rara.', 'A\'a.', 'Mba.'),
(194, 'Settings', 't', 'Saituna', 'Ntala'),
(195, 'Account Upgrade', 'Igbesoke Account', 'Haaka Asusu', 'Nkwalite akant'),
(196, 'Shop Settings', 'Itaja Eto', 'Siyayya Saituna', 'Ntala l aha'),
(197, 'Staff Settings', 'Oi Eto', 'Saitunan Ma\'aikata', 'Ntala nd r'),
(198, 'Account details', 'Awn alaye akl', 'Bayanan asusun', 'Nkwa akant'),
(199, 'Package', 'Package', 'Kunshin', 'ngwugwu'),
(200, 'Days Remain', 'Awn j ku', 'Ranakun Kwanaki', 'bch fdr'),
(201, 'Acccount Upgrade', 'Igbesoke Account', 'Haaka Asusun', 'Nkwalite akant'),
(202, 'Account Wallet', 'Apamw Account', 'Wallet Account', 'Akpa akant'),
(203, 'Refer and Earn', 'Tkasi Ati Jo\'gun', 'Koma Kuma Sami', 'Rt aka na Nweta'),
(204, 'Profile Settings ', 'Eto profaili', 'Saitunan Bayani', 'Ntala profal'),
(205, 'Wallet', 'Apamw', 'Wallet', 'obere akpa'),
(206, 'Password Settings', 'rigbaniwle Eto', 'Saitunan kalmar sirri', 'Ntala okwuntughe'),
(207, 'Wallet Value', 'Iye owo apamw', 'Darajar Wallet', 'Uru obere akpa'),
(208, 'Transaction History :', 'Itan iowo:', 'Tarihin ciniki:', 'Akk azmaha:'),
(209, 'Add Cash', 'Fi owo kun', 'ara kui', 'Tinye ego'),
(210, 'Withdraw', 'Yiy kuro', 'Janye', 'Wep'),
(211, 'Refer And Earn', 'Tkasi Ati Jo\'gun', 'Koma Kuma Sami', 'Rt aka na Nweta'),
(212, 'Referal Code', 'koodu itkasi', 'Lambar Magana', 'Koodu ntinye aka'),
(213, 'SHARE', 'Pinpin', 'SHARE', 'KEWA'),
(214, 'SHARE YOUR CODE WITH POS SHOPS AND EARN', 'Pin koodu R PLU awn ile itaja POS ATI Jowo', 'RABATAR DA LAMBAR KA DA SHAGON POS KUMA KA SAMU', 'Kekrta koodu g n\'l aha POS wee nweta ego'),
(215, 'TERMS & CONDITIONS APPLY', 'OFIN & AWN R NIPA', 'SHARUDI & SHARUDI DA AKE YIWA', 'OKWU & OKWU ND D'),
(216, 'My Referals', 'Awn itkasi mi', 'Maganata', 'Ntuziaka m'),
(217, 'Shops', 'Awn ile itaja', 'Shaguna', 'l aha'),
(218, 'Edit Shop', 'atunk Shop', 'Gyara Shagon', 'Dezie l aha'),
(219, 'Shop name', 'Oruko itaja', 'Sunan kantin', 'Aha l aha'),
(220, 'State Located', 'Ipinle Be', 'Jihar Located', 'Steeti d'),
(221, 'City Located', 'Ilu Be', 'Garin Dake', 'Obodo d'),
(222, 'Shop Address', 'Itaja Adirsi', 'Adireshin kantin', 'Adrees l aha'),
(223, 'Add New Shop', 'Fi New Shop', 'ara Sabon Shago', 'Tinye l aha hr'),
(224, 'Update', 'Imudojuiwn', 'Sabuntawa', 'Mmelite'),
(225, 'Shop Name', 'Oruko itaja', 'Sunan kantin', 'Aha l aha'),
(226, 'Staff', 'Oi', 'Ma\'aikata', 'Nd r'),
(227, 'Add cash', 'Fi owo kun', 'ara kui', 'Tinye ego'),
(228, 'Available Amount:', 'Iye to wa:', 'Adadin samuwa:', 'n ego d:'),
(229, 'Total Balance:', 'Lapap Iwontunwonsi:', 'Jimlar Ma\'auni:', 'Ngkta nha nha:'),
(230, 'Add staff to shop', 'Fi oi kun lati raja', 'ara ma\'aikata don siyayya', 'Tinye nd r na z aha'),
(231, 'Staff First Name:', 'Oruk akk Oi:', 'Sunan Farko na Ma\'aikata:', 'Aha mb onye r:'),
(232, 'Staff Last Name:', 'Oruk idile Oi:', 'Sunan arshen Ma\'aikata:', 'Aha nna onye r:'),
(233, 'Staff Phone Number:', 'Nmba foonu Oi:', 'Lambar Wayar Ma\'aikata:', 'Nmba ekwent nd r:'),
(234, 'Login Passsword:', 'rigbaniwle Wle:', 'Kalmar wucewa:', 'Okwu mbanye:'),
(235, 'Confirm Login Password:', 'Jrisi rigbaniwle Iwle:', 'Tabbatar da Kalmar wucewa:', 'Kwenye paswd nbanye:'),
(236, 'Subscription Expired', 'ie alabapin ti pari', 'Biyan kui ya are', 'Ndebanye aha agwla'),
(237, 'Subscribe to Package', 'Alabapin pa Package', 'Biyan kui zuwa Kunshin', 'Debanye aha na ngwugwu'),
(238, 'Shop Subscription Expired', 'ie alabapin itaja ti pari', 'Biyan Kui ya are', 'Ndebanye aha l aha agwla'),
(239, 'Your shop subscription is expired', 'ie alabapin ile itaja r ti pari', 'Biyan kuin shagon ku ya are', 'Ndebanye aha l aha g agwla'),
(240, 'Kindly Contact Shop Owner For Quick Action', 'Fi inurere Kan si Onile itaja Fun Ie Yara', 'Da fatan za a tuntui mai shagon don Ayyukan gaggawa', 'Jiri obima kptr onye nwe l aha maka ime ngwa ngwa'),
(241, 'Account Packages', 'Awn akop Account', 'Fakitin Asusu', 'Ngwungwu akant'),
(242, 'Select Card', 'Yan Kaadi', 'Zai Kati', 'Hr Kaad'),
(243, 'Notification', 'Iwifunni', 'Sanarwa', 'ngosi');

-- --------------------------------------------------------

--
-- Table structure for table `notification`
--

CREATE TABLE `notification` (
  `id` int(100) NOT NULL,
  `action_id` varchar(100) DEFAULT NULL,
  `action_type` varchar(100) DEFAULT NULL,
  `action_details` text DEFAULT NULL,
  `user_id` varchar(100) DEFAULT NULL,
  `dated` varchar(100) DEFAULT NULL
) ENGINE=InnoDB DEFAULT CHARSET=latin1 COLLATE=latin1_swedish_ci;

--
-- Dumping data for table `notification`
--

INSERT INTO `notification` (`id`, `action_id`, `action_type`, `action_details`, `user_id`, `dated`) VALUES
(1, 'ac1147cb5', 'staff', 'The miz Ga successfully  added as staff to My shop - Shop', 'ac1147cb5', '2022-11-10 11:06:39 AM'),
(2, '0081b0afd', 'staff', 'You are successfully  added as staff to My shop', '0081b0afd', '2022-11-10 11:06:39 AM'),
(3, 'f7fcb543', 'deposit', 'You successfully added ?50000 cash to - My shop Shop', 'ac1147cb5', '2022-11-10 11:12:14 AM'),
(4, 'b6882f71', 'deposit', 'You successfully added ?10000 cash to - DGICT Shop Shop', 'cd850dca6', '2022-11-10 11:12:28 AM'),
(5, 'd17bcecd', 'Bank withdrawal', 'Ken Bee attended to a customer to withdraw ?500 cash at - My shop Shop through Transfer', 'ac1147cb5,ac1147cb5', '2022-11-10 11:13:48 AM'),
(6, 'd11b1c06', 'POS withdrawal', 'Deposit of ?5000 cash at - My shop Awaiting Confirmation', 'ac1147cb5,ac1147cb5', '2022-11-10 11:14:01 AM'),
(7, 'd4ad454b', 'deposit', 'You successfully added ?20000 cash to - DGICT Shop Shop', 'cd850dca6', '2022-11-11 09:56:05 AM'),
(8, '7cfbc05e', 'deposit', 'Deposit of ?5000 cash at - DGICT Shop Awaiting Confirmation', 'cd850dca6,cd850dca6', '2022-11-11 09:57:04 AM'),
(9, '9da1f4e0', 'expenditure', 'You took  ?400 cash from DGICT Shop - Shop', 'cd850dca6', '2022-11-11 09:59:59 AM'),
(10, '69af5a49', 'Bill payment', ' Bill payment of  ?3000 cash at - DGICT Shop Shop ', 'cd850dca6,cd850dca6', '2022-11-11 10:00:48 AM'),
(11, 'ad434a6a', 'Bill payment', ' Bill payment of  ?4000 cash at - DGICT Shop Shop ', 'cd850dca6,cd850dca6', '2022-11-11 10:01:27 AM'),
(12, 'bfd94c72', 'POS withdrawal', 'Deposit of ?3000 cash at - DGICT Shop Awaiting Confirmation', 'cd850dca6,cd850dca6', '2022-11-11 10:01:53 AM'),
(13, '0916dae5', 'Bank withdrawal', 'DGICT Technology attended to a customer to withdraw ?7000 cash at - DGICT Shop Shop through Transfer', 'cd850dca6,cd850dca6', '2022-11-11 10:02:12 AM'),
(14, 'cd850dca6', 'staff', 'Mano Akeem successfully  added as staff to DGICT Shop - Shop', 'cd850dca6', '2022-11-11 10:04:56 AM'),
(15, '583629550', 'staff', 'You are successfully  added as staff to DGICT Shop', '583629550', '2022-11-11 10:04:56 AM'),
(16, 'ded9d296', 'deposit', 'You successfully added ?50000000 cash to - Investment Shop', '769a0cab2', '2022-11-11 06:40:17 PM'),
(17, 'a27918ce', 'deposit', 'You successfully added ?100000 cash to - Genesis Shop', '55ed6f308', '2022-11-11 06:43:57 PM'),
(18, '6e955e10', 'deposit', 'Deposit of ?50000 cash at - Investment Awaiting Confirmation', '769a0cab2,769a0cab2', '2022-11-11 06:44:07 PM'),
(19, 'ea4366c3', 'Bank withdrawal', 'Yusuf Suleiman attended to a customer to withdraw ?5000 cash at - Investment Shop through Transfer', '769a0cab2,769a0cab2', '2022-11-11 06:45:00 PM'),
(20, 'dd863bd5', 'deposit', 'Deposit of ?5000 cash at - Genesis Awaiting Confirmation', '55ed6f308,55ed6f308', '2022-11-11 10:36:26 PM'),
(21, 'd022f4e8', 'deposit', 'Deposit of ?800 cash at - Business Awaiting Confirmation', 'b026c7b56,b026c7b56', '2022-11-12 10:16:11 PM'),
(22, '889208ee', 'deposit', 'You successfully added ?500 cash to - Samuel moses Shop', '0abb6ed7f', '2022-11-14 08:07:59 AM'),
(23, '0e32b330', 'deposit', 'You successfully added ?100000 cash to - Samuel moses Shop', '0abb6ed7f', '2022-11-14 08:09:21 AM'),
(24, '6a546c3c', 'Bank withdrawal', 'Samuel Moses attended to a customer to withdraw ?500 cash at - Samuel moses Shop through Transfer', '0abb6ed7f,0abb6ed7f', '2022-11-14 08:10:15 AM'),
(25, 'a8fe04f1a', 'user2', 'Account password successfully updated', 'a8fe04f1a', '2022-11-14 06:01:34 PM'),
(26, '393cf2f5', 'deposit', 'Deposit of ?1000 cash at - Salon Awaiting Confirmation', '5fc6b8496,5fc6b8496', '2022-11-16 08:12:29 AM'),
(27, '069f2540', 'deposit', 'Deposit of ?500 cash at - Salon Awaiting Confirmation', '5fc6b8496,5fc6b8496', '2022-11-16 08:13:17 AM'),
(28, 'e3ed7135', 'deposit', 'You successfully added ?1000 cash to - Salon Shop', '5fc6b8496', '2022-11-16 08:13:39 AM'),
(29, '9083d801', 'Bill payment', ' Bill payment of  ?100 cash at - Salon Shop ', '5fc6b8496,5fc6b8496', '2022-11-16 08:14:15 AM'),
(30, '53eb8ebc', 'Bank withdrawal', 'Ayomide Olorunsaola attended to a customer to withdraw ?500 cash at - Salon Shop through Transfer', '5fc6b8496,5fc6b8496', '2022-11-16 08:15:24 AM');

-- --------------------------------------------------------

--
-- Table structure for table `otp_list`
--

CREATE TABLE `otp_list` (
  `id` int(11) NOT NULL,
  `phone` varchar(100) DEFAULT NULL,
  `code` varchar(50) DEFAULT NULL,
  `expired_date` varchar(100) DEFAULT NULL,
  `response` varchar(200) DEFAULT NULL
) ENGINE=InnoDB DEFAULT CHARSET=latin1 COLLATE=latin1_swedish_ci;

--
-- Dumping data for table `otp_list`
--

INSERT INTO `otp_list` (`id`, `phone`, `code`, `expired_date`, `response`) VALUES
(9, '+2348161252113', '3893', '2022-11-13 12:08:35', '{\"code\":1000,\"successful\":\"2348161252113\",\"basic_successful\":\"2348161252113\",\"corp_successful\":\"\",\"simserver_successful\":\"\",\"simserver_shared\":\"\",\"simserver_failed\":\"\",\"simserver_distribution\":[],\"fai'),
(22, '+2349062340450', '5183', '2022-11-16 07:34:02', '{\"code\":1000,\"successful\":\"2349062340450\",\"basic_successful\":\"2349062340450\",\"corp_successful\":\"\",\"simserver_successful\":\"\",\"simserver_shared\":\"\",\"simserver_failed\":\"\",\"simserver_distribution\":[],\"fai'),
(24, '+2348114003332', '2656', '2022-11-19 01:27:55', '{\"code\":1000,\"successful\":\"2348114003332\",\"basic_successful\":\"\",\"corp_successful\":\"2348114003332\",\"simserver_successful\":\"\",\"simserver_shared\":\"\",\"simserver_failed\":\"\",\"simserver_distribution\":[],\"fai');

-- --------------------------------------------------------

--
-- Table structure for table `package`
--

CREATE TABLE `package` (
  `id` int(100) NOT NULL,
  `plan_code` varchar(50) DEFAULT NULL,
  `name` varchar(50) DEFAULT NULL,
  `shop_limit` varchar(10) DEFAULT NULL,
  `staff_limit` varchar(10) DEFAULT NULL,
  `duration` varchar(50) DEFAULT NULL,
  `amount` varchar(50) DEFAULT NULL,
  `status` varchar(50) DEFAULT NULL
) ENGINE=MyISAM DEFAULT CHARSET=latin1 COLLATE=latin1_swedish_ci;

--
-- Dumping data for table `package`
--

INSERT INTO `package` (`id`, `plan_code`, `name`, `shop_limit`, `staff_limit`, `duration`, `amount`, `status`) VALUES
(1, 'PLN_80mxi6elbtle8vh', 'BASIC PACKAGE', '2', '2', '1', '500', 'open'),
(2, 'PLN_r5q7aqbtunn8z7g', 'PREMIUM PACKAGE', '5', '5', '1', '1000', 'open'),
(3, 'PLN_tnbm69j79llj4sf', 'UNLIMITED PACKAGE', 'unlimited', 'unlimited', '1', '2000', 'open');

-- --------------------------------------------------------

--
-- Table structure for table `package_subscription`
--

CREATE TABLE `package_subscription` (
  `id` int(100) NOT NULL,
  `owner_id` varchar(50) DEFAULT NULL,
  `package_id` varchar(50) DEFAULT NULL,
  `sub_date` varchar(50) DEFAULT NULL,
  `exp_date` varchar(50) DEFAULT NULL,
  `status` varchar(50) DEFAULT NULL
) ENGINE=MyISAM DEFAULT CHARSET=latin1 COLLATE=latin1_swedish_ci;

--
-- Dumping data for table `package_subscription`
--

INSERT INTO `package_subscription` (`id`, `owner_id`, `package_id`, `sub_date`, `exp_date`, `status`) VALUES
(1, 'ef69c2afd', '1', '2021-01-20 10:49:47 AM', '2021-02-21 10:49:47 AM', 'Expired'),
(2, 'e55ef4139', '1', '2021-01-20 11:16:15 AM', '2021-02-21 11:16:15 AM', 'Active'),
(3, 'ef69c2afd', '1', '2021-01-21 02:04:51 PM', '2021-02-22 02:04:51 PM', 'Expired'),
(4, 'ef69c2afd', '1', '2021-01-21 02:05:06 PM', '2021-02-22 02:05:06 PM', 'Expired'),
(5, 'ef69c2afd', '1', '2021-01-21 02:05:37 PM', '2021-02-22 02:05:37 PM', 'Expired'),
(6, 'ef69c2afd', '2', '2021-01-21 04:35:50 PM', '2021-02-22 04:35:50 PM', 'Expired'),
(7, 'ef69c2afd', '3', '2021-01-21 04:38:52 PM', '2021-02-22 04:38:52 PM', 'Upgraded'),
(8, 'ef69c2afd', '1', '2021-01-21 04:54:32 PM', '2021-02-22 04:54:32 PM', 'Upgraded'),
(9, 'ef69c2afd', '1', '2021-01-22 02:04:11 AM', '2021-02-23 02:04:11 AM', 'Upgraded'),
(10, 'ef69c2afd', '2', '2021-01-22 02:06:11 AM', '2021-02-23 02:06:11 AM', 'Active');

-- --------------------------------------------------------

--
-- Table structure for table `payment_info`
--

CREATE TABLE `payment_info` (
  `id` int(200) NOT NULL,
  `owner_id` varchar(50) DEFAULT NULL,
  `reason` varchar(200) DEFAULT NULL,
  `payment_response` mediumtext DEFAULT NULL,
  `verification_response` mediumtext DEFAULT NULL,
  `pay_reference` varchar(50) DEFAULT NULL,
  `status` varchar(100) DEFAULT NULL
) ENGINE=MyISAM DEFAULT CHARSET=latin1 COLLATE=latin1_swedish_ci;

--
-- Dumping data for table `payment_info`
--

INSERT INTO `payment_info` (`id`, `owner_id`, `reason`, `payment_response`, `verification_response`, `pay_reference`, `status`) VALUES
(1, 'ef69c2afd', 'Card Verification', '{\"reference\":\"a1cc687659c773dd\",\"trans\":\"968037132\",\"status\":\"success\",\"message\":\"Approved\",\"transaction\":\"968037132\",\"trxref\":\"a1cc687659c773dd\"}', '{\n  \"status\": true,\n  \"message\": \"Verification successful\",\n  \"data\": {\n    \"id\": 968037132,\n    \"domain\": \"test\",\n    \"status\": \"success\",\n    \"reference\": \"a1cc687659c773dd\",\n    \"amount\": 5000,\n    \"message\": null,\n    \"gateway_response\": \"Successful\",\n    \"paid_at\": \"2021-01-20T09:49:44.000Z\",\n    \"created_at\": \"2021-01-20T09:49:38.000Z\",\n    \"channel\": \"card\",\n    \"currency\": \"NGN\",\n    \"ip_address\": \"129.205.124.244\",\n    \"metadata\": {\n      \"referrer\": \"file:///android_asset/index.html\"\n    },\n    \"log\": {\n      \"start_time\": 1611136142,\n      \"time_spent\": 6,\n      \"attempts\": 1,\n      \"errors\": 0,\n      \"success\": true,\n      \"mobile\": true,\n      \"input\": [],\n      \"history\": [\n        {\n          \"type\": \"action\",\n          \"message\": \"Attempted to pay with card\",\n          \"time\": 5\n        },\n        {\n          \"type\": \"success\",\n          \"message\": \"Successfully paid with card\",\n          \"time\": 6\n        }\n      ]\n    },\n    \"fees\": 75,\n    \"fees_split\": null,\n    \"authorization\": {\n      \"authorization_code\": \"AUTH_tj6tnnbj0b\",\n      \"bin\": \"408408\",\n      \"last4\": \"4081\",\n      \"exp_month\": \"12\",\n      \"exp_year\": \"2030\",\n      \"channel\": \"card\",\n      \"card_type\": \"visa \",\n      \"bank\": \"TEST BANK\",\n      \"country_code\": \"NG\",\n      \"brand\": \"visa\",\n      \"reusable\": true,\n      \"signature\": \"SIG_IHedHXlNUkBUM5wBW625\",\n      \"account_name\": null,\n      \"receiver_bank_account_number\": null,\n      \"receiver_bank\": null\n    },\n    \"customer\": {\n      \"id\": 37206820,\n      \"first_name\": \"\",\n      \"last_name\": \"\",\n      \"email\": \"dangeorge35@gmail.com\",\n      \"customer_code\": \"CUS_u9vqaptujyd6wtf\",\n      \"phone\": \"\",\n      \"metadata\": null,\n      \"risk_action\": \"default\",\n      \"international_format_phone\": null\n    },\n    \"plan\": null,\n    \"split\": {},\n    \"order_id\": null,\n    \"paidAt\": \"2021-01-20T09:49:44.000Z\",\n    \"createdAt\": \"2021-01-20T09:49:38.000Z\",\n    \"requested_amount\": 5000,\n    \"pos_transaction_data\": null,\n    \"transaction_date\": \"2021-01-20T09:49:38.000Z\",\n    \"plan_object\": {},\n    \"subaccount\": {}\n  }\n}', 'a1cc687659c773dd', 'Success 2'),
(2, 'e55ef4139', 'Card Verification', '{\"reference\":\"ac2661f40e38a4ee\",\"trans\":\"968062028\",\"status\":\"success\",\"message\":\"Approved\",\"transaction\":\"968062028\",\"trxref\":\"ac2661f40e38a4ee\"}', '{\n  \"status\": true,\n  \"message\": \"Verification successful\",\n  \"data\": {\n    \"id\": 968062028,\n    \"domain\": \"test\",\n    \"status\": \"success\",\n    \"reference\": \"ac2661f40e38a4ee\",\n    \"amount\": 5000,\n    \"message\": null,\n    \"gateway_response\": \"Successful\",\n    \"paid_at\": \"2021-01-20T10:16:11.000Z\",\n    \"created_at\": \"2021-01-20T10:16:07.000Z\",\n    \"channel\": \"card\",\n    \"currency\": \"NGN\",\n    \"ip_address\": \"102.68.111.33\",\n    \"metadata\": {\n      \"referrer\": \"file:///android_asset/index.html\"\n    },\n    \"log\": {\n      \"start_time\": 1611137766,\n      \"time_spent\": 5,\n      \"attempts\": 1,\n      \"errors\": 0,\n      \"success\": true,\n      \"mobile\": true,\n      \"input\": [],\n      \"history\": [\n        {\n          \"type\": \"action\",\n          \"message\": \"Attempted to pay with card\",\n          \"time\": 4\n        },\n        {\n          \"type\": \"success\",\n          \"message\": \"Successfully paid with card\",\n          \"time\": 5\n        }\n      ]\n    },\n    \"fees\": 75,\n    \"fees_split\": null,\n    \"authorization\": {\n      \"authorization_code\": \"AUTH_qpnzx1aiub\",\n      \"bin\": \"408408\",\n      \"last4\": \"4081\",\n      \"exp_month\": \"12\",\n      \"exp_year\": \"2030\",\n      \"channel\": \"card\",\n      \"card_type\": \"visa \",\n      \"bank\": \"TEST BANK\",\n      \"country_code\": \"NG\",\n      \"brand\": \"visa\",\n      \"reusable\": true,\n      \"signature\": \"SIG_IHedHXlNUkBUM5wBW625\",\n      \"account_name\": null,\n      \"receiver_bank_account_number\": null,\n      \"receiver_bank\": null\n    },\n    \"customer\": {\n      \"id\": 37597108,\n      \"first_name\": \"\",\n      \"last_name\": \"\",\n      \"email\": \"kney738@gmail.com\",\n      \"customer_code\": \"CUS_1plu54pewngwqhq\",\n      \"phone\": \"\",\n      \"metadata\": null,\n      \"risk_action\": \"default\",\n      \"international_format_phone\": null\n    },\n    \"plan\": null,\n    \"split\": {},\n    \"order_id\": null,\n    \"paidAt\": \"2021-01-20T10:16:11.000Z\",\n    \"createdAt\": \"2021-01-20T10:16:07.000Z\",\n    \"requested_amount\": 5000,\n    \"pos_transaction_data\": null,\n    \"transaction_date\": \"2021-01-20T10:16:07.000Z\",\n    \"plan_object\": {},\n    \"subaccount\": {}\n  }\n}', 'ac2661f40e38a4ee', 'Success 2'),
(3, 'ef69c2afd', 'BASIC PACKAGE Subscription Payment', 'Approved', '{\n  \"status\": true,\n  \"message\": \"Charge attempted\",\n  \"data\": {\n    \"amount\": 50000,\n    \"currency\": \"NGN\",\n    \"transaction_date\": \"2021-01-21T13:04:51.000Z\",\n    \"status\": \"success\",\n    \"reference\": \"hyj2ykelecb0ca2\",\n    \"domain\": \"test\",\n    \"metadata\": \"\",\n    \"gateway_response\": \"Approved\",\n    \"message\": null,\n    \"channel\": \"card\",\n    \"ip_address\": null,\n    \"log\": null,\n    \"fees\": 750,\n    \"authorization\": {\n      \"authorization_code\": \"AUTH_tj6tnnbj0b\",\n      \"bin\": \"408408\",\n      \"last4\": \"4081\",\n      \"exp_month\": \"12\",\n      \"exp_year\": \"2030\",\n      \"channel\": \"card\",\n      \"card_type\": \"visa \",\n      \"bank\": \"TEST BANK\",\n      \"country_code\": \"NG\",\n      \"brand\": \"visa\",\n      \"reusable\": true,\n      \"signature\": \"SIG_IHedHXlNUkBUM5wBW625\",\n      \"account_name\": null\n    },\n    \"customer\": {\n      \"id\": 37206820,\n      \"first_name\": \"\",\n      \"last_name\": \"\",\n      \"email\": \"dangeorge35@gmail.com\",\n      \"customer_code\": \"CUS_u9vqaptujyd6wtf\",\n      \"phone\": \"\",\n      \"metadata\": null,\n      \"risk_action\": \"default\",\n      \"international_format_phone\": null\n    },\n    \"plan\": null,\n    \"id\": 969506622\n  }\n}', 'hyj2ykelecb0ca2', 'Success'),
(4, 'ef69c2afd', 'BASIC PACKAGE Subscription Payment', 'Approved', '{\n  \"status\": true,\n  \"message\": \"Charge attempted\",\n  \"data\": {\n    \"amount\": 50000,\n    \"currency\": \"NGN\",\n    \"transaction_date\": \"2021-01-21T13:05:06.000Z\",\n    \"status\": \"success\",\n    \"reference\": \"rq242qkhsihsd23\",\n    \"domain\": \"test\",\n    \"metadata\": \"\",\n    \"gateway_response\": \"Approved\",\n    \"message\": null,\n    \"channel\": \"card\",\n    \"ip_address\": null,\n    \"log\": null,\n    \"fees\": 750,\n    \"authorization\": {\n      \"authorization_code\": \"AUTH_tj6tnnbj0b\",\n      \"bin\": \"408408\",\n      \"last4\": \"4081\",\n      \"exp_month\": \"12\",\n      \"exp_year\": \"2030\",\n      \"channel\": \"card\",\n      \"card_type\": \"visa \",\n      \"bank\": \"TEST BANK\",\n      \"country_code\": \"NG\",\n      \"brand\": \"visa\",\n      \"reusable\": true,\n      \"signature\": \"SIG_IHedHXlNUkBUM5wBW625\",\n      \"account_name\": null\n    },\n    \"customer\": {\n      \"id\": 37206820,\n      \"first_name\": \"\",\n      \"last_name\": \"\",\n      \"email\": \"dangeorge35@gmail.com\",\n      \"customer_code\": \"CUS_u9vqaptujyd6wtf\",\n      \"phone\": \"\",\n      \"metadata\": null,\n      \"risk_action\": \"default\",\n      \"international_format_phone\": null\n    },\n    \"plan\": null,\n    \"id\": 969506834\n  }\n}', 'rq242qkhsihsd23', 'Success'),
(5, 'ef69c2afd', 'BASIC PACKAGE Subscription Payment', 'Approved', '{\n  \"status\": true,\n  \"message\": \"Charge attempted\",\n  \"data\": {\n    \"amount\": 50000,\n    \"currency\": \"NGN\",\n    \"transaction_date\": \"2021-01-21T13:05:37.000Z\",\n    \"status\": \"success\",\n    \"reference\": \"kw2ad5ww2k9qgkn\",\n    \"domain\": \"test\",\n    \"metadata\": \"\",\n    \"gateway_response\": \"Approved\",\n    \"message\": null,\n    \"channel\": \"card\",\n    \"ip_address\": null,\n    \"log\": null,\n    \"fees\": 750,\n    \"authorization\": {\n      \"authorization_code\": \"AUTH_tj6tnnbj0b\",\n      \"bin\": \"408408\",\n      \"last4\": \"4081\",\n      \"exp_month\": \"12\",\n      \"exp_year\": \"2030\",\n      \"channel\": \"card\",\n      \"card_type\": \"visa \",\n      \"bank\": \"TEST BANK\",\n      \"country_code\": \"NG\",\n      \"brand\": \"visa\",\n      \"reusable\": true,\n      \"signature\": \"SIG_IHedHXlNUkBUM5wBW625\",\n      \"account_name\": null\n    },\n    \"customer\": {\n      \"id\": 37206820,\n      \"first_name\": \"\",\n      \"last_name\": \"\",\n      \"email\": \"dangeorge35@gmail.com\",\n      \"customer_code\": \"CUS_u9vqaptujyd6wtf\",\n      \"phone\": \"\",\n      \"metadata\": null,\n      \"risk_action\": \"default\",\n      \"international_format_phone\": null\n    },\n    \"plan\": null,\n    \"id\": 969507335\n  }\n}', 'kw2ad5ww2k9qgkn', 'Success'),
(6, 'ef69c2afd', 'PREMIUM PACKAGE Subscription Payment', 'Approved', '{\n  \"status\": true,\n  \"message\": \"Charge attempted\",\n  \"data\": {\n    \"amount\": 100000,\n    \"currency\": \"NGN\",\n    \"transaction_date\": \"2021-01-21T15:35:50.000Z\",\n    \"status\": \"success\",\n    \"reference\": \"td5rfjck3rtqf85\",\n    \"domain\": \"test\",\n    \"metadata\": \"\",\n    \"gateway_response\": \"Approved\",\n    \"message\": null,\n    \"channel\": \"card\",\n    \"ip_address\": null,\n    \"log\": null,\n    \"fees\": 1500,\n    \"authorization\": {\n      \"authorization_code\": \"AUTH_tj6tnnbj0b\",\n      \"bin\": \"408408\",\n      \"last4\": \"4081\",\n      \"exp_month\": \"12\",\n      \"exp_year\": \"2030\",\n      \"channel\": \"card\",\n      \"card_type\": \"visa \",\n      \"bank\": \"TEST BANK\",\n      \"country_code\": \"NG\",\n      \"brand\": \"visa\",\n      \"reusable\": true,\n      \"signature\": \"SIG_IHedHXlNUkBUM5wBW625\",\n      \"account_name\": null\n    },\n    \"customer\": {\n      \"id\": 37206820,\n      \"first_name\": \"\",\n      \"last_name\": \"\",\n      \"email\": \"dangeorge35@gmail.com\",\n      \"customer_code\": \"CUS_u9vqaptujyd6wtf\",\n      \"phone\": \"\",\n      \"metadata\": null,\n      \"risk_action\": \"default\",\n      \"international_format_phone\": null\n    },\n    \"plan\": null,\n    \"id\": 969652182\n  }\n}', 'td5rfjck3rtqf85', 'Success'),
(7, 'ef69c2afd', 'UNLIMITED PACKAGE Subscription Payment', 'Approved', '{\n  \"status\": true,\n  \"message\": \"Charge attempted\",\n  \"data\": {\n    \"amount\": 200000,\n    \"currency\": \"NGN\",\n    \"transaction_date\": \"2021-01-21T15:38:51.000Z\",\n    \"status\": \"success\",\n    \"reference\": \"39ist04thd0k5c7\",\n    \"domain\": \"test\",\n    \"metadata\": \"\",\n    \"gateway_response\": \"Approved\",\n    \"message\": null,\n    \"channel\": \"card\",\n    \"ip_address\": null,\n    \"log\": null,\n    \"fees\": 3000,\n    \"authorization\": {\n      \"authorization_code\": \"AUTH_tj6tnnbj0b\",\n      \"bin\": \"408408\",\n      \"last4\": \"4081\",\n      \"exp_month\": \"12\",\n      \"exp_year\": \"2030\",\n      \"channel\": \"card\",\n      \"card_type\": \"visa \",\n      \"bank\": \"TEST BANK\",\n      \"country_code\": \"NG\",\n      \"brand\": \"visa\",\n      \"reusable\": true,\n      \"signature\": \"SIG_IHedHXlNUkBUM5wBW625\",\n      \"account_name\": null\n    },\n    \"customer\": {\n      \"id\": 37206820,\n      \"first_name\": \"\",\n      \"last_name\": \"\",\n      \"email\": \"dangeorge35@gmail.com\",\n      \"customer_code\": \"CUS_u9vqaptujyd6wtf\",\n      \"phone\": \"\",\n      \"metadata\": null,\n      \"risk_action\": \"default\",\n      \"international_format_phone\": null\n    },\n    \"plan\": null,\n    \"id\": 969655117\n  }\n}', '39ist04thd0k5c7', 'Success'),
(8, 'ef69c2afd', 'Package Subscription', '{\"reference\":\"39826c6590d19c9f\",\"trans\":\"969672113\",\"status\":\"success\",\"message\":\"Approved\",\"transaction\":\"969672113\",\"trxref\":\"39826c6590d19c9f\"}', '{\n  \"status\": true,\n  \"message\": \"Verification successful\",\n  \"data\": {\n    \"id\": 969672113,\n    \"domain\": \"test\",\n    \"status\": \"success\",\n    \"reference\": \"39826c6590d19c9f\",\n    \"amount\": 50000,\n    \"message\": null,\n    \"gateway_response\": \"Successful\",\n    \"paid_at\": \"2021-01-21T15:54:28.000Z\",\n    \"created_at\": \"2021-01-21T15:54:23.000Z\",\n    \"channel\": \"card\",\n    \"currency\": \"NGN\",\n    \"ip_address\": \"129.205.113.199\",\n    \"metadata\": {\n      \"referrer\": \"file:///C:/Users/DAROLLS/source/repos/Posa/Posa/Assets/index.html#subscribe_pack\"\n    },\n    \"log\": {\n      \"start_time\": 1611244463,\n      \"time_spent\": 4,\n      \"attempts\": 1,\n      \"errors\": 0,\n      \"success\": true,\n      \"mobile\": true,\n      \"input\": [],\n      \"history\": [\n        {\n          \"type\": \"action\",\n          \"message\": \"Attempted to pay with card\",\n          \"time\": 3\n        },\n        {\n          \"type\": \"success\",\n          \"message\": \"Successfully paid with card\",\n          \"time\": 4\n        }\n      ]\n    },\n    \"fees\": 750,\n    \"fees_split\": null,\n    \"authorization\": {\n      \"authorization_code\": \"AUTH_qw0b74egaw\",\n      \"bin\": \"408408\",\n      \"last4\": \"4081\",\n      \"exp_month\": \"12\",\n      \"exp_year\": \"2030\",\n      \"channel\": \"card\",\n      \"card_type\": \"visa \",\n      \"bank\": \"TEST BANK\",\n      \"country_code\": \"NG\",\n      \"brand\": \"visa\",\n      \"reusable\": true,\n      \"signature\": \"SIG_IHedHXlNUkBUM5wBW625\",\n      \"account_name\": null,\n      \"receiver_bank_account_number\": null,\n      \"receiver_bank\": null\n    },\n    \"customer\": {\n      \"id\": 37206820,\n      \"first_name\": \"\",\n      \"last_name\": \"\",\n      \"email\": \"dangeorge35@gmail.com\",\n      \"customer_code\": \"CUS_u9vqaptujyd6wtf\",\n      \"phone\": \"\",\n      \"metadata\": null,\n      \"risk_action\": \"default\",\n      \"international_format_phone\": null\n    },\n    \"plan\": null,\n    \"split\": {},\n    \"order_id\": null,\n    \"paidAt\": \"2021-01-21T15:54:28.000Z\",\n    \"createdAt\": \"2021-01-21T15:54:23.000Z\",\n    \"requested_amount\": 50000,\n    \"pos_transaction_data\": null,\n    \"transaction_date\": \"2021-01-21T15:54:23.000Z\",\n    \"plan_object\": {},\n    \"subaccount\": {}\n  }\n}', '39826c6590d19c9f', 'Success'),
(9, 'ef69c2afd', 'Package Subscription', '{\"reference\":\"973e2d2cabedb734\",\"trans\":\"970165920\",\"status\":\"success\",\"message\":\"Approved\",\"transaction\":\"970165920\",\"trxref\":\"973e2d2cabedb734\"}', '{\n  \"status\": true,\n  \"message\": \"Verification successful\",\n  \"data\": {\n    \"id\": 970165920,\n    \"domain\": \"test\",\n    \"status\": \"success\",\n    \"reference\": \"973e2d2cabedb734\",\n    \"amount\": 50000,\n    \"message\": null,\n    \"gateway_response\": \"Successful\",\n    \"paid_at\": \"2021-01-22T01:04:06.000Z\",\n    \"created_at\": \"2021-01-22T01:03:55.000Z\",\n    \"channel\": \"card\",\n    \"currency\": \"NGN\",\n    \"ip_address\": \"129.205.113.199\",\n    \"metadata\": {\n      \"referrer\": \"file:///C:/Users/DAROLLS/source/repos/Posa/Posa/Assets/index.html#subscribe_pack\"\n    },\n    \"log\": {\n      \"start_time\": 1611277433,\n      \"time_spent\": 12,\n      \"attempts\": 1,\n      \"errors\": 0,\n      \"success\": true,\n      \"mobile\": false,\n      \"input\": [],\n      \"history\": [\n        {\n          \"type\": \"action\",\n          \"message\": \"Attempted to pay with card\",\n          \"time\": 5\n        },\n        {\n          \"type\": \"success\",\n          \"message\": \"Successfully paid with card\",\n          \"time\": 12\n        }\n      ]\n    },\n    \"fees\": 750,\n    \"fees_split\": null,\n    \"authorization\": {\n      \"authorization_code\": \"AUTH_uj59hzituh\",\n      \"bin\": \"408408\",\n      \"last4\": \"4081\",\n      \"exp_month\": \"12\",\n      \"exp_year\": \"2030\",\n      \"channel\": \"card\",\n      \"card_type\": \"visa \",\n      \"bank\": \"TEST BANK\",\n      \"country_code\": \"NG\",\n      \"brand\": \"visa\",\n      \"reusable\": true,\n      \"signature\": \"SIG_IHedHXlNUkBUM5wBW625\",\n      \"account_name\": null,\n      \"receiver_bank_account_number\": null,\n      \"receiver_bank\": null\n    },\n    \"customer\": {\n      \"id\": 37206820,\n      \"first_name\": \"\",\n      \"last_name\": \"\",\n      \"email\": \"dangeorge35@gmail.com\",\n      \"customer_code\": \"CUS_u9vqaptujyd6wtf\",\n      \"phone\": \"\",\n      \"metadata\": null,\n      \"risk_action\": \"default\",\n      \"international_format_phone\": null\n    },\n    \"plan\": null,\n    \"split\": {},\n    \"order_id\": null,\n    \"paidAt\": \"2021-01-22T01:04:06.000Z\",\n    \"createdAt\": \"2021-01-22T01:03:55.000Z\",\n    \"requested_amount\": 50000,\n    \"pos_transaction_data\": null,\n    \"transaction_date\": \"2021-01-22T01:03:55.000Z\",\n    \"plan_object\": {},\n    \"subaccount\": {}\n  }\n}', '973e2d2cabedb734', 'Success'),
(10, 'ef69c2afd', 'Package Subscription', '{\"reference\":\"311b0bb37499755f\",\"trans\":\"970166606\",\"status\":\"success\",\"message\":\"Approved\",\"transaction\":\"970166606\",\"trxref\":\"311b0bb37499755f\"}', '{\n  \"status\": true,\n  \"message\": \"Verification successful\",\n  \"data\": {\n    \"id\": 970166606,\n    \"domain\": \"test\",\n    \"status\": \"success\",\n    \"reference\": \"311b0bb37499755f\",\n    \"amount\": 100000,\n    \"message\": null,\n    \"gateway_response\": \"Successful\",\n    \"paid_at\": \"2021-01-22T01:06:07.000Z\",\n    \"created_at\": \"2021-01-22T01:04:57.000Z\",\n    \"channel\": \"card\",\n    \"currency\": \"NGN\",\n    \"ip_address\": \"129.205.113.199\",\n    \"metadata\": {\n      \"referrer\": \"file:///C:/Users/DAROLLS/source/repos/Posa/Posa/Assets/index.html#subscribe_pack\"\n    },\n    \"log\": {\n      \"start_time\": 1611277496,\n      \"time_spent\": 69,\n      \"attempts\": 1,\n      \"errors\": 0,\n      \"success\": true,\n      \"mobile\": false,\n      \"input\": [],\n      \"history\": [\n        {\n          \"type\": \"input\",\n          \"message\": \"Filled this field: card number\",\n          \"time\": 59\n        },\n        {\n          \"type\": \"input\",\n          \"message\": \"Filled this field: card expiry\",\n          \"time\": 65\n        },\n        {\n          \"type\": \"input\",\n          \"message\": \"Filled this field: card cvv\",\n          \"time\": 69\n        },\n        {\n          \"type\": \"action\",\n          \"message\": \"Attempted to pay with card\",\n          \"time\": 69\n        },\n        {\n          \"type\": \"success\",\n          \"message\": \"Successfully paid with card\",\n          \"time\": 69\n        }\n      ]\n    },\n    \"fees\": 1500,\n    \"fees_split\": null,\n    \"authorization\": {\n      \"authorization_code\": \"AUTH_1szxkp23xz\",\n      \"bin\": \"408408\",\n      \"last4\": \"4081\",\n      \"exp_month\": \"01\",\n      \"exp_year\": \"2022\",\n      \"channel\": \"card\",\n      \"card_type\": \"visa \",\n      \"bank\": \"TEST BANK\",\n      \"country_code\": \"NG\",\n      \"brand\": \"visa\",\n      \"reusable\": true,\n      \"signature\": \"SIG_ne35RhxtbGC9QsP3dRTq\",\n      \"account_name\": null,\n      \"receiver_bank_account_number\": null,\n      \"receiver_bank\": null\n    },\n    \"customer\": {\n      \"id\": 37206820,\n      \"first_name\": \"\",\n      \"last_name\": \"\",\n      \"email\": \"dangeorge35@gmail.com\",\n      \"customer_code\": \"CUS_u9vqaptujyd6wtf\",\n      \"phone\": \"\",\n      \"metadata\": null,\n      \"risk_action\": \"default\",\n      \"international_format_phone\": null\n    },\n    \"plan\": null,\n    \"split\": {},\n    \"order_id\": null,\n    \"paidAt\": \"2021-01-22T01:06:07.000Z\",\n    \"createdAt\": \"2021-01-22T01:04:57.000Z\",\n    \"requested_amount\": 100000,\n    \"pos_transaction_data\": null,\n    \"transaction_date\": \"2021-01-22T01:04:57.000Z\",\n    \"plan_object\": {},\n    \"subaccount\": {}\n  }\n}', '311b0bb37499755f', 'Success');

-- --------------------------------------------------------

--
-- Table structure for table `payment_prove`
--

CREATE TABLE `payment_prove` (
  `id` int(100) NOT NULL,
  `ticket_id` varchar(100) DEFAULT NULL,
  `amount` varchar(100) DEFAULT NULL,
  `user_id` varchar(100) DEFAULT NULL,
  `package_id` int(100) DEFAULT NULL,
  `duration` varchar(100) DEFAULT NULL,
  `img_src` varchar(200) DEFAULT NULL,
  `dated` varchar(100) DEFAULT NULL,
  `status` varchar(100) DEFAULT NULL
) ENGINE=InnoDB DEFAULT CHARSET=latin1 COLLATE=latin1_swedish_ci;

-- --------------------------------------------------------

--
-- Table structure for table `posa_marketer`
--

CREATE TABLE `posa_marketer` (
  `id` int(200) NOT NULL,
  `marketer_id` varchar(50) DEFAULT NULL,
  `name` varchar(100) DEFAULT NULL,
  `encrypt_id` varchar(200) DEFAULT NULL,
  `email` varchar(100) DEFAULT NULL,
  `state` varchar(50) DEFAULT NULL,
  `city` varchar(50) DEFAULT NULL,
  `status` varchar(20) DEFAULT NULL
) ENGINE=MyISAM DEFAULT CHARSET=latin1 COLLATE=latin1_swedish_ci;

--
-- Dumping data for table `posa_marketer`
--

INSERT INTO `posa_marketer` (`id`, `marketer_id`, `name`, `encrypt_id`, `email`, `state`, `city`, `status`) VALUES
(5, '1005', 'Dan George', '280826da2856b67df3e2ea88f35df2bf164aba6bccd37d20fffd1435650caeca1', 'dangeorge35@gmail.com', 'NG', 'Ibadan', 'available'),
(6, '1006', 'Dan George', '44c7087e26ab7e715c5b60225b6ac9787a17416146e31c31fd7b8853d375c6901', 'dangeorge35@gmail.com', 'NG', 'Ibadan', 'available');

-- --------------------------------------------------------

--
-- Table structure for table `posa_shops`
--

CREATE TABLE `posa_shops` (
  `id` int(100) NOT NULL,
  `shop_id` varchar(50) DEFAULT NULL,
  `owner_id` varchar(50) DEFAULT NULL,
  `subscription_id` int(50) DEFAULT NULL,
  `shop_name` varchar(100) DEFAULT NULL,
  `shop_address` varchar(200) DEFAULT NULL,
  `shop_state` varchar(50) DEFAULT NULL,
  `shop_city` varchar(50) DEFAULT NULL,
  `shop_status` varchar(50) DEFAULT NULL
) ENGINE=MyISAM DEFAULT CHARSET=latin1 COLLATE=latin1_swedish_ci;

--
-- Dumping data for table `posa_shops`
--

INSERT INTO `posa_shops` (`id`, `shop_id`, `owner_id`, `subscription_id`, `shop_name`, `shop_address`, `shop_state`, `shop_city`, `shop_status`) VALUES
(1, '62aa05', 'ef69c2afd', 1, 'Danshop', 'No eujd he she she she sb', 'Oyo', 'Ibadan', 'Active'),
(2, 'c410b9', 'e55ef4139', 2, 'Seaside shop', 'Seaside', 'Lagos', 'Ajah', 'Active'),
(3, 'd38aa1', 'e55ef4139', 2, 'Remlek', 'Remlek', 'Lagos', 'Ajah', 'Active'),
(5, '8ca744', 'ef69c2afd', 8, 'Bodija shop', 'NO 28, AWOLOWO AVENUE, BESIDE NEW GTBANK, OLD BODIJA, IBADAN, OYO STATE.', 'Abuja FCT', 'IWO', 'Active'),
(6, 'ea9638', 'cd850dca6', NULL, 'DGICT Shop', 'Mr. Olukunle Akintunde\\\'s House, Ashipa Laamo, Olosan Area, Monatan,  Ibadan, Oyo state', 'Gombe', 'Ibadan', 'Active'),
(7, '117e9b', 'ac1147cb5', NULL, 'My shop', 'Lagos', 'Lagos', 'Lagos', 'Active'),
(8, '0c3982', '769a0cab2', NULL, 'Investment', 'Behind mosque', 'Adamawa', 'Man', 'Active'),
(9, '7968c9', '55ed6f308', NULL, 'Genesis', 'Asadam', 'Kwara', 'Ilorin', 'Active'),
(10, '749e39', 'b026c7b56', NULL, 'Business', 'Janbulo', 'Kano', 'Kano', 'Active'),
(11, '4f6fad', '0abb6ed7f', NULL, 'Samuel moses', 'Benin city', 'Edo', 'Benin city', 'Active'),
(12, '4eeb80', 'a8fe04f1a', NULL, 'OTPPAY', 'Jl. Kakatua No.30, Mariso', 'Lagos', 'Lagos', 'Active'),
(13, 'd7d107', '5fc6b8496', NULL, 'Salon', 'Mogs to', 'Edo', 'Moferee street', 'Active');

-- --------------------------------------------------------

--
-- Table structure for table `posa_user`
--

CREATE TABLE `posa_user` (
  `id` int(200) NOT NULL,
  `user_id` varchar(50) DEFAULT NULL,
  `fname` varchar(100) DEFAULT NULL,
  `mname` varchar(100) DEFAULT NULL,
  `lname` varchar(100) DEFAULT NULL,
  `phone` varchar(100) DEFAULT NULL,
  `password` varchar(200) DEFAULT NULL,
  `email` varchar(100) DEFAULT NULL,
  `gender` varchar(10) DEFAULT NULL,
  `state` varchar(50) DEFAULT NULL,
  `address` varchar(200) DEFAULT NULL,
  `user_type` varchar(10) DEFAULT NULL,
  `shop_id` varchar(50) DEFAULT NULL,
  `status` varchar(20) DEFAULT NULL,
  `owner_id` varchar(100) DEFAULT NULL,
  `my_ref_id` int(100) DEFAULT NULL,
  `power` varchar(100) DEFAULT NULL
) ENGINE=MyISAM DEFAULT CHARSET=latin1 COLLATE=latin1_swedish_ci;

--
-- Dumping data for table `posa_user`
--

INSERT INTO `posa_user` (`id`, `user_id`, `fname`, `mname`, `lname`, `phone`, `password`, `email`, `gender`, `state`, `address`, `user_type`, `shop_id`, `status`, `owner_id`, `my_ref_id`, `power`) VALUES
(1, 'ef69c2afd', 'Dan', 'George', 'Adeniyi', '+2348067519293', '0db4622d2432a9f261dd67edaac73ba0364465814c4882a6c3dc47e3dfdca8afc', 'dangeorge35@gmail.com', 'Male', 'Rivers', 'No yus hdjjs she is she shsv', 'owner', 'all', 'new', NULL, 1001, NULL),
(2, 'e55ef4139', 'Kung', '', 'Telecom', '+2347082524599', '7d77c98b4875ba9dc60cb6eb2ac4783d612b043073efdd456aa0205ef0156ea64', 'kney738@gmail.com', 'Male', 'Lagos', 'Lekki', 'owner', 'all', 'new', NULL, NULL, NULL),
(3, '81d42ee04', 'Jon', '', 'Snow', '+234111111111', '1f11d181b51512efc6139369b2be581c65ba295a56480da35912089fb81a8f036', '', '', '', '', 'staff', 'c410b9', 'new', 'e55ef4139', NULL, NULL),
(4, 'b9715f0fa', 'Adewalwe', '', 'Kola', '+2348123456789', '9829ae29e487c79abff64744e8c0d019cbb5e769fec16fe585278c19fef1f3d52', '', '', '', '', 'staff', '8ca744', 'deactivate', 'ef69c2afd', NULL, '1'),
(5, 'cd850dca6', 'DGICT', '', 'Technology', '+2349026752559', '5ae6ed14cdb961453c00a662130a4460944ba9b8bd654ae2198d82c8e364be264', '', 'Male', 'Oyo', 'Fowosere House, Ashi bodija, Ibadan', 'owner', 'all', 'new', NULL, 1005, NULL),
(6, 'ac1147cb5', 'Ken', '', 'Bee', '+2348101476255', '48e56b031c2457d14f2d7a5b1039ec192d211021788040384e1e6184a85e21d7a', '', 'Male', 'Lagos', 'Lagos', 'owner', 'all', 'new', NULL, 1006, NULL),
(7, '0081b0afd', 'The miz', '', 'Ga', '', '03b67005b82ce56ba56a9fe0cd1a5793d22efad0862b9b444432e0b35156997a3', 'Joe@joe.com', '', '', '', 'staff', '117e9b', 'new', 'ac1147cb5', NULL, NULL),
(8, '583629550', 'Mano', '', 'Akeem', '+2348026752559', 'd49aeb3077a0b9f8f68aaf20487a3d1a0f34998fb2e3e51402da57b9d0fef1303', '', '', '', '', 'staff', 'ea9638', 'active', 'cd850dca6', NULL, '1'),
(9, '769a0cab2', 'Yusuf', '', 'Suleiman', '+2349164013497', 'a39198f9557d2a5082a82e5ae78f52dac7b32b085487dc2cc309fe2ac63e67298', '', 'Male', 'Bayelsa', 'Low cost', 'owner', 'all', 'new', NULL, 1009, NULL),
(10, '55ed6f308', 'Maga', 'Allu', 'Zion', '+2349157480010', '28246e3e6bc740e06be70377f22d7c723dcebc8319041515fcd8820c75a8e6b46', '', 'Male', 'Kwara', 'zionmaga2@gmail.com', 'owner', 'all', 'new', NULL, 1010, NULL),
(11, 'b026c7b56', 'Bayya', 'Rabiu', 'Alassan', '+2348128977129', '5f678e9a7c757910d4408fbaa23fdda87100b6a6c288cbb6c6fb859bfadf45b8c', '', 'Male', 'Kano', 'Janbulo', 'owner', 'all', 'new', NULL, 1011, NULL),
(12, '0abb6ed7f', 'Samuel', '', 'Moses', '+2348062526748', '106120309520e75371627f519555814e06220a9e79dd27efd6a64440a0f8f298f', '', 'Male', 'Edo', 'Utise', 'owner', 'all', 'new', NULL, 1012, NULL),
(13, 'a8fe04f1a', 'Donpedro', 'Chigozie', 'Madu', '+2348023151955', '7810736432ec5e9f0ca26798998d223c9747b84bfe62697a1b99ba13de4234ce4', '', 'Male', 'Lagos', 'Close 55 lekki estate Lagos Nigeria', 'owner', 'all', 'new', NULL, 1013, NULL),
(14, '5fc6b8496', 'Ayomide', '', 'Olorunsaola', '+2348038810363', '031743279d50fc74083c6e219999156d166f16599f4c38c55713eaec44c874d95', '', 'Male', 'Edo', 'Moferee street', 'owner', 'all', 'new', NULL, 1014, NULL);

-- --------------------------------------------------------

--
-- Table structure for table `providers`
--

CREATE TABLE `providers` (
  `id` int(100) NOT NULL,
  `provider` varchar(100) DEFAULT NULL,
  `charge_type` varchar(50) DEFAULT NULL,
  `charge_code` text DEFAULT NULL
) ENGINE=MyISAM DEFAULT CHARSET=latin1 COLLATE=latin1_swedish_ci;

--
-- Dumping data for table `providers`
--

INSERT INTO `providers` (`id`, `provider`, `charge_type`, `charge_code`) VALUES
(1, 'Opay', 'deposit', '[\r\n{\"a\":\"1\",\"charge\":\"15\"}\r\n]'),
(2, 'GTB', 'deposit', '[\r\n{\"a\":\"1\",\"charge\":\"10\"}\r\n]'),
(3, 'Zenith', 'deposit', '[\r\n{\"a\":\"1\",\"charge\":\"10\"}\r\n]'),
(4, 'Kuda', 'deposit', '[\r\n{\"a\":\"1\",\"charge\":\"50\"}\r\n]'),
(5, 'Paycennter ', 'deposit', '[\r\n\r\n{\"a\":\"1\",\"charge\":\"10.50\"}\r\n{\"a\":\"5001\",\"charge\":\"26.5\"}{\"a\":\"50000\",\"charge\":\"50\"}\r\n\r\n]'),
(6, 'Firstmonie', 'deposit', '[\r\n{\"a\":\"1\",\"charge\":\"45\"}\r\n]'),
(7, 'Baxi Box', 'deposit', '[\r\n{\"a\":\"1\",\"charge\":\"30\"}\r\n]'),
(8, 'Quick Teller', 'deposit', '[\r\n{\"a\":\"1\",\"charge\":\"50\"}\r\n]'),
(9, 'Pay Attitude', 'deposit', '[\r\n{\"a\":\"1\",\"charge\":\"30\"}\r\n]'),
(10, 'Now now', 'deposit', '[\r\n{\"a\":\"1\",\"charge\":\"10\"}\r\n]'),
(11, 'Opay', 'withdrawal', '[\r\n\r\n{\"a\":\"1\",\"charge\":\"0.7%\"}\r\n{\"a\":\"20000\",\"charge\":\"100\"}\r\n{\"a\":\"100000\",\"charge\":\"150\"}\r\n\r\n]'),
(12, 'GTB', 'withdrawal', '[\r\n{\"a\":\"1\",\"charge\":\"0.75%\"}\r\n]'),
(13, 'Zenith ', 'withdrawal', '[\r\n{\"a\":\"1\",\"charge\":\"0.75%\"}\r\n]'),
(14, 'Kudi', 'withdrawal', '[\r\n{\"a\":\"1\",\"charge\":\"0.7%\"}\r\n]'),
(15, 'Paycenter', 'withdrawal', '[\r\n{\"a\":\"1\",\"charge\":\"0.75%\"}\r\n{\"a\":\"5001\",\"charge\":\"55\"}\r\n{\"a\":\"10001\",\"charge\":\"75\"}\r\n{\"a\":\"15001\",\"charge\":\"95\"}{\"a\":\"20001\",\"charge\":\"115\"}{\"a\":\"25001\",\"charge\":\"135\"}{\"a\":\"30001\",\"charge\":\"165\"}{\"a\":\"40001\",\"charge\":\"0.4%\"}\r\n]'),
(16, 'Baxi Box', 'withdrawal', '[\r\n{\"a\":\"1\",\"charge\":\"0.65%\"}\r\n]'),
(17, 'Itex ', 'withdrawal', '[\r\n\r\n{\"a\":\"1\",\"charge\":\"20\"}\r\n\r\n]'),
(18, 'Pay Attitude', 'withdrawal', '[\r\n\r\n{\"a\":\"1\",\"charge\":\"50\"}\r\n\r\n]');

-- --------------------------------------------------------

--
-- Table structure for table `risk_wallet`
--

CREATE TABLE `risk_wallet` (
  `id` int(50) NOT NULL,
  `user_id` varchar(50) NOT NULL,
  `amount` varchar(100) NOT NULL,
  `action` varchar(200) NOT NULL,
  `dated` varchar(50) DEFAULT NULL
) ENGINE=MyISAM DEFAULT CHARSET=latin1 COLLATE=latin1_swedish_ci;

-- --------------------------------------------------------

--
-- Table structure for table `shop_account`
--

CREATE TABLE `shop_account` (
  `id` int(100) NOT NULL,
  `transaction_id` varchar(200) DEFAULT NULL,
  `shop_id` varchar(50) DEFAULT NULL,
  `owner_id` varchar(50) DEFAULT NULL,
  `staff_id` varchar(50) DEFAULT NULL,
  `amount` varchar(50) DEFAULT NULL,
  `charge` varchar(50) DEFAULT NULL,
  `profit` varchar(50) DEFAULT NULL,
  `transaction_cost` varchar(200) DEFAULT NULL,
  `transaction_type` varchar(100) DEFAULT NULL,
  `transaction_name` varchar(150) DEFAULT NULL,
  `bank_or_provider` varchar(200) DEFAULT NULL,
  `extra_info` mediumtext DEFAULT NULL,
  `dated` varchar(50) DEFAULT NULL,
  `time` varchar(100) DEFAULT NULL,
  `status` varchar(50) DEFAULT NULL
) ENGINE=MyISAM DEFAULT CHARSET=latin1 COLLATE=latin1_swedish_ci;

--
-- Dumping data for table `shop_account`
--

INSERT INTO `shop_account` (`id`, `transaction_id`, `shop_id`, `owner_id`, `staff_id`, `amount`, `charge`, `profit`, `transaction_cost`, `transaction_type`, `transaction_name`, `bank_or_provider`, `extra_info`, `dated`, `time`, `status`) VALUES
(1, NULL, '62aa05', 'ef69c2afd', 'ef69c2afd', '2000', '0', '0', NULL, 'add_cash', 'Add cash to shop', '-', '-', '2021-01-22 01:12:37 AM', NULL, 'Success'),
(2, NULL, '62aa05', 'ef69c2afd', 'ef69c2afd', '50000', '0', '0', NULL, 'add_cash', 'Add cash to shop', '-', '-', '2021-01-22 01:17:15 AM', NULL, 'Success'),
(3, NULL, '62aa05', 'ef69c2afd', 'ef69c2afd', '50000', '0', '0', NULL, 'add_cash', 'Add cash to shop', '-', '-', '2021-01-22 01:24:41 AM', NULL, 'Success'),
(4, NULL, '62aa05', 'ef69c2afd', 'ef69c2afd', '2000', '0', '0', NULL, 'add_cash', 'Add cash to shop', '-', '-', '2021-01-22 01:58:40 AM', NULL, 'Success'),
(5, NULL, '8ca744', 'ef69c2afd', 'ef69c2afd', '2000', '0', '0', NULL, 'add_cash', 'Add cash to shop', '-', '-', '2021-01-22 02:02:33 AM', NULL, 'Success'),
(6, 'f7fcb543', '117e9b', 'ac1147cb5', 'ac1147cb5', '50000', '0', '0', '0', 'add cash to shop', 'Add Cash to My shop - Shop ', '-', '-', '2022-11-10', '11:12:14 AM', 'Success'),
(7, 'b6882f71', 'ea9638', 'cd850dca6', 'cd850dca6', '10000', '0', '0', '0', 'add cash to shop', 'Add Cash to DGICT Shop - Shop ', '-', '-', '2022-11-10', '11:12:28 AM', 'Success'),
(8, 'd17bcecd', '117e9b', 'ac1147cb5', 'ac1147cb5', '-500', '100', '100', '0', 'bank withdrawal', 'Withdraw cash in My shop', 'Abbey Mortgage Bank', 'Ken Bee attended to a customer to withdraw ?500 cash at - My shop Shop through Transfer', '2022-11-10', '11:13:48 AM', 'Pending'),
(9, 'd11b1c06', '117e9b', 'ac1147cb5', 'ac1147cb5', '-5000', '200', '200', '0', 'pos withdrawal', 'Withdraw cash in My shop', 'Opay', 'Ken Bee attended to a customer to withdraw ?5000 cash at - My shop Shop', '2022-11-10', '11:14:01 AM', 'Success'),
(10, 'd4ad454b', 'ea9638', 'cd850dca6', 'cd850dca6', '20000', '0', '0', '0', 'add cash to shop', 'Add Cash to DGICT Shop - Shop ', '-', '-', '2022-11-11', '09:56:05 AM', 'Success'),
(11, '7cfbc05e', 'ea9638', 'cd850dca6', 'cd850dca6', '5000', '100', '90', '10', 'deposit', 'Deposit cash to shop', 'GTB', '{\"account_name\":\"Dan\",\"sender_phone\":\"09065787789\",\"bank_name\":\"ALAT by WEMA\",\"account_number\":\"3456789009876\"}', '2022-11-11', '09:57:04 AM', 'Success'),
(12, '9da1f4e0', 'ea9638', 'cd850dca6', 'cd850dca6', '-400', '0', '0', '0', 'expenditure', 'DGICT Technology took  ?400 cash from DGICT Shop - Shop', '-', 'food', '2022-11-11', '09:59:59 AM', 'Success'),
(13, '69af5a49', 'ea9638', 'cd850dca6', 'cd850dca6', '3000', '100', '100', '0', 'bill payment', 'Tv Subscription', 'DSTV', '{\"utility\":\"Tv Subscription\",\"company\":\"DSTV\",\"card_number\":\"123456789\",\"amount\":\"3000\"}', '2022-11-11', '10:00:48 AM', 'Success'),
(14, 'ad434a6a', 'ea9638', 'cd850dca6', 'cd850dca6', '4000', '100', '100', '0', 'bill payment', 'Data', 'GLO', '{\"utility\":\"Data\",\"customer_phone\":\"09087654321\",\"network_provider\":\"GLO\",\"amount\":\"4000\",\"comment\":\"dcfgbhj\"}', '2022-11-11', '10:01:27 AM', 'Success'),
(15, 'bfd94c72', 'ea9638', 'cd850dca6', 'cd850dca6', '-3000', '100', '77.5', '22.5', 'pos withdrawal', 'Withdraw cash in DGICT Shop', 'GTB', 'DGICT Technology attended to a customer to withdraw ?3000 cash at - DGICT Shop Shop', '2022-11-11', '10:01:53 AM', 'Success'),
(16, '0916dae5', 'ea9638', 'cd850dca6', 'cd850dca6', '-7000', '200', '200', '0', 'bank withdrawal', 'Withdraw cash in DGICT Shop', 'Abbey Mortgage Bank', 'DGICT Technology attended to a customer to withdraw ?7000 cash at - DGICT Shop Shop through Transfer', '2022-11-11', '10:02:12 AM', 'Success'),
(17, 'ded9d296', '0c3982', '769a0cab2', '769a0cab2', '50000000', '0', '0', '0', 'add cash to shop', 'Add Cash to Investment - Shop ', '-', '-', '2022-11-11', '06:40:17 PM', 'Success'),
(18, 'a27918ce', '7968c9', '55ed6f308', '55ed6f308', '100000', '0', '0', '0', 'add cash to shop', 'Add Cash to Genesis - Shop ', '-', '-', '2022-11-11', '06:43:57 PM', 'Success'),
(19, '6e955e10', '0c3982', '769a0cab2', '769a0cab2', '50000', '100', '55', '45', 'deposit', 'Deposit cash to shop', 'Firstmonie', '{\"account_name\":\"Zainab Suleiman kassim\",\"sender_phone\":\"09164013497\",\"bank_name\":\"Wema Bank\",\"account_number\":\"0272573242\"}', '2022-11-11', '06:44:07 PM', 'Success'),
(20, 'ea4366c3', '0c3982', '769a0cab2', '769a0cab2', '-5000', '100', '100', '0', 'bank withdrawal', 'Withdraw cash in Investment', 'ALAT by WEMA', 'Yusuf Suleiman attended to a customer to withdraw ?5000 cash at - Investment Shop through Transfer', '2022-11-11', '06:45:00 PM', 'Success'),
(21, 'dd863bd5', '7968c9', '55ed6f308', '55ed6f308', '5000', '100', '90', '10', 'deposit', 'Deposit cash to shop', 'Now now', '{\"account_name\":\"Idu Paul\",\"sender_phone\":\"08103715549\",\"bank_name\":\"Access Bank\",\"account_number\":\"0060300031\"}', '2022-11-11', '10:36:26 PM', 'Success'),
(22, 'd022f4e8', '749e39', 'b026c7b56', 'b026c7b56', '800', '8000', '0', '0', 'deposit', 'Deposit cash to shop', '-', '{\"account_name\":\"Bayya\",\"sender_phone\":\"0816125213\",\"bank_name\":\"PalmPay\",\"account_number\":\"8161252113\"}', '2022-11-12', '10:16:11 PM', 'Pending'),
(23, '889208ee', '4f6fad', '0abb6ed7f', '0abb6ed7f', '500', '0', '0', '0', 'add cash to shop', 'Add Cash to Samuel moses - Shop ', '-', '-', '2022-11-14', '08:07:59 AM', 'Success'),
(24, '0e32b330', '4f6fad', '0abb6ed7f', '0abb6ed7f', '100000', '0', '0', '0', 'add cash to shop', 'Add Cash to Samuel moses - Shop ', '-', '-', '2022-11-14', '08:09:21 AM', 'Success'),
(25, '6a546c3c', '4f6fad', '0abb6ed7f', '0abb6ed7f', '-500', '100', '100', '0', 'bank withdrawal', 'Withdraw cash in Samuel moses', 'First Bank of Nigeria', 'Samuel Moses attended to a customer to withdraw ?500 cash at - Samuel moses Shop through Transfer', '2022-11-14', '08:10:15 AM', 'Pending'),
(26, '393cf2f5', 'd7d107', '5fc6b8496', '5fc6b8496', '1000', '10', '0', '0', 'deposit', 'Deposit cash to shop', '-', '{\"account_name\":\"Ayomide olorunsaola\",\"sender_phone\":\"08038810363\",\"bank_name\":\"Polaris Bank\",\"account_number\":\"3058874381\"}', '2022-11-16', '08:12:29 AM', 'Pending'),
(27, '069f2540', 'd7d107', '5fc6b8496', '5fc6b8496', '500', '10', '0', '0', 'deposit', 'Deposit cash to shop', '-', '{\"account_name\":\"Ayomide olorunsaola\",\"sender_phone\":\"08038810363\",\"bank_name\":\"PalmPay\",\"account_number\":\"9167527289\"}', '2022-11-16', '08:13:17 AM', 'Pending'),
(28, 'e3ed7135', 'd7d107', '5fc6b8496', '5fc6b8496', '1000', '0', '0', '0', 'add cash to shop', 'Add Cash to Salon - Shop ', '-', '-', '2022-11-16', '08:13:39 AM', 'Success'),
(29, '9083d801', 'd7d107', '5fc6b8496', '5fc6b8496', '100', '5', '5', '0', 'bill payment', 'Airtime', 'MTN', '{\"utility\":\"Airtime\",\"customer_phone\":\"09167527289\",\"network_provider\":\"MTN\",\"amount\":\"100\",\"comment\":\"\"}', '2022-11-16', '08:14:15 AM', 'Pending'),
(30, '53eb8ebc', 'd7d107', '5fc6b8496', '5fc6b8496', '-500', '10', '10', '0', 'bank withdrawal', 'Withdraw cash in Salon', 'Kuda Bank', 'Ayomide Olorunsaola attended to a customer to withdraw ?500 cash at - Salon Shop through Transfer', '2022-11-16', '08:15:24 AM', 'Pending');

-- --------------------------------------------------------

--
-- Table structure for table `wallet`
--

CREATE TABLE `wallet` (
  `id` int(100) NOT NULL,
  `user_id` varchar(100) DEFAULT NULL,
  `type` varchar(100) DEFAULT NULL,
  `amount` varchar(100) DEFAULT NULL,
  `status` varchar(100) DEFAULT NULL,
  `details` mediumtext DEFAULT NULL
) ENGINE=InnoDB DEFAULT CHARSET=latin1 COLLATE=latin1_swedish_ci;

--
-- Indexes for dumped tables
--

--
-- Indexes for table `admin`
--
ALTER TABLE `admin`
  ADD PRIMARY KEY (`id`);

--
-- Indexes for table `advert`
--
ALTER TABLE `advert`
  ADD PRIMARY KEY (`id`);

--
-- Indexes for table `banks`
--
ALTER TABLE `banks`
  ADD PRIMARY KEY (`id`);

--
-- Indexes for table `credit_card`
--
ALTER TABLE `credit_card`
  ADD PRIMARY KEY (`id`);

--
-- Indexes for table `language`
--
ALTER TABLE `language`
  ADD PRIMARY KEY (`id`);

--
-- Indexes for table `notification`
--
ALTER TABLE `notification`
  ADD PRIMARY KEY (`id`);

--
-- Indexes for table `otp_list`
--
ALTER TABLE `otp_list`
  ADD PRIMARY KEY (`id`);

--
-- Indexes for table `package`
--
ALTER TABLE `package`
  ADD PRIMARY KEY (`id`);

--
-- Indexes for table `package_subscription`
--
ALTER TABLE `package_subscription`
  ADD PRIMARY KEY (`id`);

--
-- Indexes for table `payment_info`
--
ALTER TABLE `payment_info`
  ADD PRIMARY KEY (`id`);

--
-- Indexes for table `payment_prove`
--
ALTER TABLE `payment_prove`
  ADD PRIMARY KEY (`id`);

--
-- Indexes for table `posa_marketer`
--
ALTER TABLE `posa_marketer`
  ADD PRIMARY KEY (`id`);

--
-- Indexes for table `posa_shops`
--
ALTER TABLE `posa_shops`
  ADD PRIMARY KEY (`id`);

--
-- Indexes for table `posa_user`
--
ALTER TABLE `posa_user`
  ADD PRIMARY KEY (`id`);

--
-- Indexes for table `providers`
--
ALTER TABLE `providers`
  ADD PRIMARY KEY (`id`);

--
-- Indexes for table `risk_wallet`
--
ALTER TABLE `risk_wallet`
  ADD PRIMARY KEY (`id`);

--
-- Indexes for table `shop_account`
--
ALTER TABLE `shop_account`
  ADD PRIMARY KEY (`id`);

--
-- Indexes for table `wallet`
--
ALTER TABLE `wallet`
  ADD PRIMARY KEY (`id`);

--
-- AUTO_INCREMENT for dumped tables
--

--
-- AUTO_INCREMENT for table `admin`
--
ALTER TABLE `admin`
  MODIFY `id` int(11) NOT NULL AUTO_INCREMENT, AUTO_INCREMENT=17;

--
-- AUTO_INCREMENT for table `advert`
--
ALTER TABLE `advert`
  MODIFY `id` int(100) NOT NULL AUTO_INCREMENT;

--
-- AUTO_INCREMENT for table `banks`
--
ALTER TABLE `banks`
  MODIFY `id` int(11) NOT NULL AUTO_INCREMENT, AUTO_INCREMENT=30;

--
-- AUTO_INCREMENT for table `credit_card`
--
ALTER TABLE `credit_card`
  MODIFY `id` int(100) NOT NULL AUTO_INCREMENT, AUTO_INCREMENT=4;

--
-- AUTO_INCREMENT for table `language`
--
ALTER TABLE `language`
  MODIFY `id` int(100) NOT NULL AUTO_INCREMENT, AUTO_INCREMENT=244;

--
-- AUTO_INCREMENT for table `notification`
--
ALTER TABLE `notification`
  MODIFY `id` int(100) NOT NULL AUTO_INCREMENT, AUTO_INCREMENT=31;

--
-- AUTO_INCREMENT for table `otp_list`
--
ALTER TABLE `otp_list`
  MODIFY `id` int(11) NOT NULL AUTO_INCREMENT, AUTO_INCREMENT=25;

--
-- AUTO_INCREMENT for table `package`
--
ALTER TABLE `package`
  MODIFY `id` int(100) NOT NULL AUTO_INCREMENT, AUTO_INCREMENT=4;

--
-- AUTO_INCREMENT for table `package_subscription`
--
ALTER TABLE `package_subscription`
  MODIFY `id` int(100) NOT NULL AUTO_INCREMENT, AUTO_INCREMENT=11;

--
-- AUTO_INCREMENT for table `payment_info`
--
ALTER TABLE `payment_info`
  MODIFY `id` int(200) NOT NULL AUTO_INCREMENT, AUTO_INCREMENT=11;

--
-- AUTO_INCREMENT for table `payment_prove`
--
ALTER TABLE `payment_prove`
  MODIFY `id` int(100) NOT NULL AUTO_INCREMENT;

--
-- AUTO_INCREMENT for table `posa_marketer`
--
ALTER TABLE `posa_marketer`
  MODIFY `id` int(200) NOT NULL AUTO_INCREMENT, AUTO_INCREMENT=7;

--
-- AUTO_INCREMENT for table `posa_shops`
--
ALTER TABLE `posa_shops`
  MODIFY `id` int(100) NOT NULL AUTO_INCREMENT, AUTO_INCREMENT=14;

--
-- AUTO_INCREMENT for table `posa_user`
--
ALTER TABLE `posa_user`
  MODIFY `id` int(200) NOT NULL AUTO_INCREMENT, AUTO_INCREMENT=15;

--
-- AUTO_INCREMENT for table `providers`
--
ALTER TABLE `providers`
  MODIFY `id` int(100) NOT NULL AUTO_INCREMENT, AUTO_INCREMENT=19;

--
-- AUTO_INCREMENT for table `risk_wallet`
--
ALTER TABLE `risk_wallet`
  MODIFY `id` int(50) NOT NULL AUTO_INCREMENT;

--
-- AUTO_INCREMENT for table `shop_account`
--
ALTER TABLE `shop_account`
  MODIFY `id` int(100) NOT NULL AUTO_INCREMENT, AUTO_INCREMENT=31;

--
-- AUTO_INCREMENT for table `wallet`
--
ALTER TABLE `wallet`
  MODIFY `id` int(100) NOT NULL AUTO_INCREMENT;
COMMIT;

/*!40101 SET CHARACTER_SET_CLIENT=@OLD_CHARACTER_SET_CLIENT */;
/*!40101 SET CHARACTER_SET_RESULTS=@OLD_CHARACTER_SET_RESULTS */;
/*!40101 SET COLLATION_CONNECTION=@OLD_COLLATION_CONNECTION */;
